account_id,customer_id,holder_role,added_date
1,164,primary,2018-06-17
2,300,primary,2018-07-05
3,336,primary,2019-09-07
4,181,primary,2017-11-20
4,87,authorized_signer,2017-11-20
4,72,joint,2017-11-20
5,212,primary,2015-08-29
6,342,primary,2017-08-05
7,275,primary,2022-05-24
8,269,primary,2020-08-19
9,208,primary,2017-02-25
10,333,primary,2017-09-23
11,88,primary,2016-01-18
11,43,authorized_signer,2016-01-18
12,22,primary,2022-03-26
13,279,primary,2024-09-25
14,386,primary,2015-05-15
15,200,primary,2024-03-16
16,178,primary,2018-09-20
17,397,primary,2019-11-26
18,349,primary,2022-02-10
19,195,primary,2019-04-06
20,390,primary,2016-09-23
21,182,primary,2016-06-26
21,284,joint,2016-06-26
22,287,primary,2023-10-19
23,86,primary,2020-11-04
23,223,authorized_signer,2020-11-04
24,101,primary,2020-06-06
25,226,primary,2016-07-08
26,103,primary,2024-02-23
27,125,primary,2016-12-28
28,93,primary,2018-02-22
29,36,primary,2015-04-21
30,217,primary,2022-07-19
30,194,authorized_signer,2022-07-19
30,38,authorized_signer,2022-07-19
31,360,primary,2020-12-28
32,86,primary,2021-08-29
33,221,primary,2015-07-01
34,192,primary,2016-02-08
35,213,primary,2023-08-30
35,44,joint,2023-08-30
36,244,primary,2016-08-03
37,176,primary,2023-02-05
37,332,joint,2023-02-05
38,208,primary,2023-04-22
39,220,primary,2017-02-02
40,275,primary,2022-11-26
40,96,authorized_signer,2022-11-26
41,313,primary,2020-02-18
42,315,primary,2016-04-12
43,199,primary,2022-07-15
43,215,joint,2022-07-15
44,251,primary,2019-09-29
45,100,primary,2017-02-05
46,228,primary,2021-04-19
47,87,primary,2015-12-05
48,138,primary,2021-05-05
49,280,primary,2024-03-26
50,179,primary,2016-02-24
51,302,primary,2019-12-04
52,31,primary,2024-08-27
53,264,primary,2020-12-20
54,360,primary,2016-07-09
55,251,primary,2017-10-19
56,207,primary,2022-02-03
57,397,primary,2018-02-13
57,376,joint,2018-02-13
58,109,primary,2022-02-13
59,350,primary,2018-08-15
60,81,primary,2015-07-08
61,82,primary,2015-01-03
62,27,primary,2016-01-18
63,245,primary,2018-06-05
63,40,joint,2018-06-05
64,68,primary,2020-10-28
65,196,primary,2017-07-26
66,85,primary,2022-03-12
67,45,primary,2023-02-07
68,142,primary,2023-06-10
68,331,joint,2023-06-10
69,155,primary,2021-09-27
70,123,primary,2021-10-21
71,163,primary,2016-04-06
72,395,primary,2024-08-26
73,147,primary,2021-08-02
74,143,primary,2020-08-14
75,391,primary,2015-11-20
76,126,primary,2022-08-21
77,7,primary,2016-04-20
77,363,joint,2016-04-20
77,71,joint,2016-04-20
78,138,primary,2020-11-12
79,296,primary,2023-08-26
80,396,primary,2020-07-25
80,53,joint,2020-07-25
80,294,joint,2020-07-25
81,197,primary,2015-01-11
82,128,primary,2024-08-13
83,115,primary,2018-08-03
83,265,joint,2018-08-03
84,189,primary,2024-11-01
85,398,primary,2021-04-28
86,278,primary,2021-02-16
86,178,joint,2021-02-16
87,215,primary,2023-07-06
88,191,primary,2016-08-06
89,223,primary,2015-12-14
90,163,primary,2017-08-27
91,231,primary,2017-08-14
91,239,authorized_signer,2017-08-14
92,81,primary,2021-01-04
92,352,authorized_signer,2021-01-04
93,128,primary,2022-10-25
93,183,authorized_signer,2022-10-25
94,384,primary,2022-08-05
95,114,primary,2016-01-23
96,39,primary,2024-03-27
97,63,primary,2017-03-20
98,219,primary,2015-07-27
99,126,primary,2017-05-29
100,330,primary,2020-08-05
101,184,primary,2017-10-17
102,306,primary,2023-10-06
102,113,joint,2023-10-06
103,82,primary,2015-08-28
104,113,primary,2022-05-14
105,358,primary,2018-12-24
106,253,primary,2015-04-26
107,170,primary,2016-12-20
108,76,primary,2024-01-17
108,301,joint,2024-01-17
109,203,primary,2024-06-29
110,250,primary,2018-10-10
111,302,primary,2016-12-14
112,360,primary,2019-03-30
112,294,authorized_signer,2019-03-30
113,290,primary,2015-05-13
114,46,primary,2016-07-30
115,355,primary,2022-07-07
116,212,primary,2017-11-17
117,116,primary,2018-12-09
118,88,primary,2015-10-29
118,193,joint,2015-10-29
119,16,primary,2021-02-18
120,284,primary,2016-11-06
121,252,primary,2021-01-21
122,50,primary,2019-01-17
123,251,primary,2016-11-30
124,135,primary,2016-01-09
125,343,primary,2017-12-14
125,177,authorized_signer,2017-12-14
126,352,primary,2017-07-20
127,18,primary,2021-06-03
128,86,primary,2020-10-17
129,305,primary,2016-05-31
130,267,primary,2023-02-26
131,302,primary,2023-10-27
131,299,joint,2023-10-27
132,336,primary,2023-09-29
133,20,primary,2021-10-30
134,156,primary,2022-09-29
135,381,primary,2024-06-14
136,380,primary,2018-01-08
137,70,primary,2024-09-22
138,128,primary,2024-11-10
139,64,primary,2015-07-27
140,177,primary,2017-09-17
141,110,primary,2023-05-26
142,400,primary,2022-04-05
142,393,joint,2022-04-05
143,364,primary,2022-04-05
144,320,primary,2019-10-02
145,312,primary,2016-02-24
146,336,primary,2022-09-04
147,308,primary,2018-05-08
148,208,primary,2018-08-02
149,274,primary,2015-05-25
150,50,primary,2022-07-14
150,242,authorized_signer,2022-07-14
150,66,joint,2022-07-14
151,191,primary,2022-05-04
152,37,primary,2018-04-19
153,71,primary,2020-08-11
154,399,primary,2019-08-04
155,397,primary,2018-09-24
156,207,primary,2023-07-29
157,388,primary,2019-04-20
158,177,primary,2017-02-19
159,234,primary,2016-02-25
160,385,primary,2021-09-08
161,259,primary,2024-02-08
161,87,joint,2024-02-08
162,25,primary,2022-04-18
162,339,joint,2022-04-18
163,106,primary,2015-07-17
164,359,primary,2022-01-25
165,102,primary,2024-04-25
165,312,joint,2024-04-25
166,281,primary,2024-04-28
166,255,authorized_signer,2024-04-28
166,107,authorized_signer,2024-04-28
167,400,primary,2015-02-22
168,26,primary,2023-02-11
169,49,primary,2024-10-20
170,319,primary,2015-02-09
171,198,primary,2016-01-16
172,82,primary,2023-12-21
172,54,authorized_signer,2023-12-21
173,351,primary,2023-12-31
173,373,joint,2023-12-31
174,348,primary,2016-04-07
175,359,primary,2021-06-19
176,286,primary,2019-11-08
176,314,joint,2019-11-08
177,124,primary,2016-10-04
178,294,primary,2015-07-26
179,212,primary,2024-08-09
179,19,joint,2024-08-09
180,336,primary,2023-11-18
181,308,primary,2018-10-28
182,325,primary,2022-05-15
183,368,primary,2021-02-21
184,98,primary,2019-08-04
185,231,primary,2016-03-17
186,222,primary,2021-08-10
187,375,primary,2020-06-01
188,215,primary,2016-02-29
189,212,primary,2023-07-20
189,309,authorized_signer,2023-07-20
190,108,primary,2021-02-21
191,356,primary,2018-04-05
192,346,primary,2022-12-19
193,75,primary,2018-03-17
193,28,joint,2018-03-17
194,152,primary,2023-05-31
195,381,primary,2015-05-13
196,196,primary,2019-05-12
196,199,authorized_signer,2019-05-12
197,400,primary,2018-07-04
198,280,primary,2024-04-22
199,89,primary,2017-03-15
199,377,joint,2017-03-15
200,364,primary,2019-10-22
201,252,primary,2016-09-21
202,267,primary,2021-03-03
203,170,primary,2016-10-14
204,5,primary,2017-06-13
205,165,primary,2018-11-18
206,261,primary,2019-04-30
207,396,primary,2015-06-29
207,276,joint,2015-06-29
207,274,joint,2015-06-29
208,380,primary,2022-01-22
209,170,primary,2022-04-02
210,133,primary,2015-10-28
211,369,primary,2020-01-22
211,317,joint,2020-01-22
212,149,primary,2021-07-26
213,339,primary,2018-05-19
214,325,primary,2016-10-02
215,285,primary,2022-08-06
216,384,primary,2015-06-21
217,130,primary,2018-11-09
218,282,primary,2017-01-12
219,344,primary,2022-07-14
220,157,primary,2016-02-14
221,114,primary,2016-09-16
222,229,primary,2022-03-09
223,276,primary,2020-06-17
224,298,primary,2023-03-24
225,397,primary,2023-08-17
226,47,primary,2019-05-27
227,388,primary,2020-08-18
228,248,primary,2020-01-02
229,185,primary,2017-06-15
230,141,primary,2020-02-06
231,335,primary,2017-12-14
232,177,primary,2020-10-17
233,144,primary,2024-12-12
234,369,primary,2017-02-04
235,66,primary,2022-07-28
236,93,primary,2016-10-21
237,44,primary,2021-09-20
238,299,primary,2021-10-20
238,393,joint,2021-10-20
239,194,primary,2020-09-23
239,198,joint,2020-09-23
240,244,primary,2017-04-08
240,315,joint,2017-04-08
241,1,primary,2020-08-23
242,118,primary,2022-04-13
243,357,primary,2023-11-09
244,279,primary,2019-10-09
245,193,primary,2017-02-13
246,275,primary,2022-09-18
247,248,primary,2019-02-06
248,71,primary,2021-04-09
249,261,primary,2016-05-02
249,206,authorized_signer,2016-05-02
250,47,primary,2021-11-20
250,75,authorized_signer,2021-11-20
251,206,primary,2015-12-28
252,225,primary,2020-11-04
253,358,primary,2024-07-15
254,400,primary,2016-11-25
255,282,primary,2022-07-05
256,100,primary,2024-04-21
257,175,primary,2021-06-12
258,395,primary,2017-11-21
259,196,primary,2023-09-12
260,135,primary,2022-08-04
260,128,authorized_signer,2022-08-04
261,294,primary,2022-07-22
262,136,primary,2023-05-15
263,347,primary,2017-04-10
264,162,primary,2021-11-19
265,296,primary,2024-09-28
266,398,primary,2020-11-23
267,52,primary,2016-05-08
268,95,primary,2021-11-14
269,68,primary,2017-05-12
269,295,joint,2017-05-12
269,352,joint,2017-05-12
270,5,primary,2024-01-07
270,91,authorized_signer,2024-01-07
271,291,primary,2024-07-11
272,382,primary,2016-02-10
272,172,authorized_signer,2016-02-10
273,311,primary,2021-04-14
274,250,primary,2021-06-16
275,86,primary,2020-01-05
276,161,primary,2019-09-24
277,186,primary,2018-04-08
278,129,primary,2020-11-03
279,28,primary,2023-05-29
280,200,primary,2020-11-16
281,340,primary,2017-10-10
281,183,authorized_signer,2017-10-10
282,358,primary,2020-03-28
282,277,joint,2020-03-28
283,178,primary,2020-02-14
284,268,primary,2017-07-19
284,389,joint,2017-07-19
285,221,primary,2020-04-05
285,150,joint,2020-04-05
286,367,primary,2021-02-23
287,314,primary,2019-05-16
288,36,primary,2022-09-05
289,10,primary,2018-04-01
289,78,joint,2018-04-01
289,26,joint,2018-04-01
290,253,primary,2018-01-07
290,112,authorized_signer,2018-01-07
290,176,authorized_signer,2018-01-07
291,75,primary,2019-03-02
292,7,primary,2023-09-13
293,395,primary,2017-10-16
294,373,primary,2022-06-20
294,22,joint,2022-06-20
294,382,authorized_signer,2022-06-20
295,223,primary,2018-05-08
296,354,primary,2016-11-16
297,389,primary,2021-09-08
298,286,primary,2015-09-02
299,184,primary,2023-06-27
300,291,primary,2017-10-23
301,36,primary,2018-11-25
302,376,primary,2020-01-15
303,199,primary,2021-12-13
304,50,primary,2022-08-30
305,51,primary,2015-10-01
306,114,primary,2022-03-13
306,311,joint,2022-03-13
307,381,primary,2022-05-09
308,40,primary,2023-11-28
309,321,primary,2016-02-02
310,341,primary,2023-05-27
311,227,primary,2016-11-14
312,166,primary,2021-03-03
313,230,primary,2021-04-25
314,154,primary,2023-02-22
315,285,primary,2024-08-06
316,120,primary,2016-09-25
317,89,primary,2016-01-12
318,196,primary,2022-11-18
319,117,primary,2023-08-24
320,164,primary,2024-07-11
321,386,primary,2016-09-04
322,293,primary,2020-08-29
322,382,joint,2020-08-29
323,102,primary,2017-12-11
324,398,primary,2022-04-25
324,221,authorized_signer,2022-04-25
325,13,primary,2016-01-02
326,226,primary,2016-11-24
327,318,primary,2017-03-28
327,76,authorized_signer,2017-03-28
328,105,primary,2022-10-12
329,193,primary,2023-06-01
330,28,primary,2020-11-27
331,10,primary,2015-02-04
332,306,primary,2019-05-03
333,272,primary,2017-02-02
334,257,primary,2020-06-29
335,116,primary,2022-01-07
336,352,primary,2019-05-29
337,106,primary,2017-09-11
338,70,primary,2021-07-07
339,163,primary,2022-05-11
339,75,joint,2022-05-11
340,327,primary,2024-11-14
341,311,primary,2016-09-14
342,258,primary,2017-08-03
343,84,primary,2020-04-04
344,104,primary,2015-05-13
345,167,primary,2015-09-28
346,369,primary,2024-12-14
347,267,primary,2021-11-09
348,21,primary,2020-02-15
349,147,primary,2020-10-15
350,232,primary,2019-09-27
351,166,primary,2020-08-12
352,355,primary,2017-01-02
353,269,primary,2023-12-07
354,88,primary,2023-02-25
354,172,joint,2023-02-25
355,93,primary,2017-01-02
356,3,primary,2017-04-10
357,126,primary,2017-09-01
358,19,primary,2021-12-13
359,92,primary,2022-06-25
360,384,primary,2018-03-10
361,282,primary,2015-05-27
362,108,primary,2020-04-12
363,362,primary,2016-03-23
364,289,primary,2021-10-29
364,255,authorized_signer,2021-10-29
365,61,primary,2024-11-28
366,6,primary,2023-12-20
367,59,primary,2022-09-27
368,174,primary,2018-10-30
369,172,primary,2020-04-27
370,10,primary,2023-04-30
371,16,primary,2022-09-08
372,385,primary,2022-01-10
373,155,primary,2024-08-14
374,13,primary,2018-05-23
375,398,primary,2020-08-10
376,19,primary,2023-08-18
377,45,primary,2023-01-02
378,160,primary,2024-12-21
379,77,primary,2018-08-07
379,81,authorized_signer,2018-08-07
380,361,primary,2021-12-26
380,146,joint,2021-12-26
381,26,primary,2018-06-29
382,359,primary,2015-08-09
383,387,primary,2018-12-27
383,392,authorized_signer,2018-12-27
384,393,primary,2016-01-16
385,359,primary,2017-08-07
386,237,primary,2023-11-05
387,366,primary,2018-03-02
388,212,primary,2018-08-27
389,221,primary,2017-09-25
390,379,primary,2021-05-12
391,158,primary,2024-05-20
392,32,primary,2021-09-16
393,77,primary,2024-02-29
393,232,authorized_signer,2024-02-29
394,156,primary,2021-06-25
395,151,primary,2018-11-11
395,32,authorized_signer,2018-11-11
396,222,primary,2015-01-04
396,360,authorized_signer,2015-01-04
397,285,primary,2022-12-25
397,197,authorized_signer,2022-12-25
398,9,primary,2016-09-23
398,74,authorized_signer,2016-09-23
399,218,primary,2016-07-10
400,4,primary,2020-02-05
401,20,primary,2024-06-30
402,385,primary,2022-11-27
403,380,primary,2020-03-19
404,399,primary,2015-11-16
405,86,primary,2020-02-03
406,294,primary,2021-09-13
407,143,primary,2018-04-10
407,130,joint,2018-04-10
408,338,primary,2018-02-01
409,176,primary,2024-01-22
410,339,primary,2021-09-05
411,60,primary,2022-02-24
412,350,primary,2020-03-15
413,348,primary,2020-04-27
414,334,primary,2022-08-29
415,396,primary,2018-10-04
416,161,primary,2017-09-17
417,351,primary,2022-07-18
418,337,primary,2017-06-17
419,193,primary,2021-09-21
420,39,primary,2021-05-07
421,38,primary,2018-02-06
421,142,joint,2018-02-06
421,398,authorized_signer,2018-02-06
422,202,primary,2015-09-04
423,367,primary,2020-07-08
424,335,primary,2015-05-23
425,363,primary,2015-06-04
425,395,authorized_signer,2015-06-04
426,353,primary,2019-07-13
427,29,primary,2016-05-11
428,332,primary,2016-01-07
429,323,primary,2021-03-21
430,304,primary,2020-06-15
430,123,authorized_signer,2020-06-15
431,9,primary,2023-11-22
432,235,primary,2015-08-18
433,242,primary,2016-09-02
434,50,primary,2017-09-21
435,113,primary,2016-11-30
436,295,primary,2019-10-12
437,141,primary,2018-08-10
437,73,authorized_signer,2018-08-10
438,324,primary,2019-02-24
439,334,primary,2023-09-21
439,304,authorized_signer,2023-09-21
440,211,primary,2024-01-21
441,155,primary,2021-11-05
442,390,primary,2015-01-19
443,351,primary,2017-06-17
444,108,primary,2020-07-30
445,91,primary,2018-10-01
446,102,primary,2020-06-09
447,193,primary,2018-08-27
448,199,primary,2020-04-13
449,292,primary,2020-02-18
449,31,authorized_signer,2020-02-18
450,327,primary,2024-07-20
451,111,primary,2021-06-25
452,297,primary,2024-05-21
453,259,primary,2016-09-02
454,286,primary,2020-12-15
455,47,primary,2022-10-10
456,238,primary,2022-07-03
457,325,primary,2024-10-20
458,314,primary,2015-10-17
459,346,primary,2023-11-29
459,187,joint,2023-11-29
460,364,primary,2019-02-06
460,397,joint,2019-02-06
461,108,primary,2017-09-04
462,28,primary,2023-07-14
463,273,primary,2018-11-15
464,235,primary,2021-12-18
464,45,joint,2021-12-18
465,105,primary,2018-03-27
466,378,primary,2015-04-03
467,211,primary,2018-04-09
468,235,primary,2022-05-09
469,395,primary,2016-06-24
470,275,primary,2016-08-30
470,147,joint,2016-08-30
470,94,joint,2016-08-30
471,288,primary,2016-04-23
471,363,authorized_signer,2016-04-23
471,18,authorized_signer,2016-04-23
472,394,primary,2020-01-11
473,243,primary,2018-08-04
474,246,primary,2022-06-24
474,21,joint,2022-06-24
475,312,primary,2016-04-23
476,229,primary,2021-07-17
477,342,primary,2015-12-24
478,229,primary,2016-08-28
479,148,primary,2015-12-25
480,244,primary,2019-10-03
481,328,primary,2018-10-05
481,140,authorized_signer,2018-10-05
482,252,primary,2020-03-07
483,135,primary,2024-05-11
483,154,authorized_signer,2024-05-11
484,392,primary,2022-06-20
484,142,authorized_signer,2022-06-20
485,356,primary,2023-05-12
486,75,primary,2019-03-09
487,183,primary,2024-11-06
488,307,primary,2018-04-09
489,351,primary,2021-02-05
490,399,primary,2019-01-24
491,287,primary,2018-10-25
491,315,joint,2018-10-25
491,354,authorized_signer,2018-10-25
492,227,primary,2016-04-22
492,306,authorized_signer,2016-04-22
493,117,primary,2018-06-01
493,158,joint,2018-06-01
494,22,primary,2015-11-18
495,155,primary,2015-05-15
495,342,joint,2015-05-15
496,180,primary,2023-10-10
496,15,joint,2023-10-10
496,47,authorized_signer,2023-10-10
497,297,primary,2018-12-13
497,391,joint,2018-12-13
498,110,primary,2023-01-10
498,259,authorized_signer,2023-01-10
499,264,primary,2021-08-11
500,361,primary,2016-04-07
501,160,primary,2023-02-05
502,244,primary,2017-07-14
503,347,primary,2017-01-04
504,34,primary,2016-08-10
505,143,primary,2018-10-19
506,183,primary,2023-08-04
507,129,primary,2021-10-06
507,251,authorized_signer,2021-10-06
508,92,primary,2016-07-05
508,196,authorized_signer,2016-07-05
509,104,primary,2021-12-22
510,392,primary,2020-08-01
510,17,authorized_signer,2020-08-01
511,400,primary,2020-01-18
512,252,primary,2016-11-03
513,254,primary,2022-09-08
514,188,primary,2021-12-01
514,179,joint,2021-12-01
515,339,primary,2018-10-29
516,87,primary,2017-08-19
516,11,authorized_signer,2017-08-19
517,12,primary,2022-05-18
518,255,primary,2021-05-25
519,39,primary,2018-10-22
520,320,primary,2017-05-26
521,219,primary,2023-01-18
522,103,primary,2023-12-03
523,265,primary,2017-10-26
524,327,primary,2021-06-20
525,237,primary,2024-07-24
526,33,primary,2016-09-08
527,123,primary,2024-06-27
528,217,primary,2017-02-25
529,330,primary,2017-04-07
530,153,primary,2023-02-07
531,371,primary,2019-07-26
532,298,primary,2017-08-24
533,169,primary,2017-10-28
534,55,primary,2023-04-08
535,58,primary,2018-01-29
536,367,primary,2019-10-02
537,354,primary,2015-03-28
538,351,primary,2017-09-08
539,131,primary,2024-09-21
540,393,primary,2024-03-23
541,212,primary,2023-11-08
542,260,primary,2023-01-17
543,329,primary,2019-09-20
544,161,primary,2022-01-25
545,305,primary,2016-03-29
545,352,authorized_signer,2016-03-29
546,168,primary,2020-01-24
547,293,primary,2017-03-24
548,360,primary,2015-04-05
549,88,primary,2015-07-23
550,115,primary,2015-02-27
