address_id,customer_id,address_line,city,state,zip_code,country,address_type,valid_from,valid_to
1,1,50583 Kimberly River Suite 179,North Territon,MS,41563,USA,mailing,2022-10-07,
2,2,07049 Jones Springs,New Brettfurt,MO,13061,USA,billing,2020-07-06,
3,3,99076 Pope River Apt. 507,Brianaville,CT,02111,USA,mailing,2019-01-11,
4,4,392 Kelly Orchard,Lopezberg,AS,06277,USA,mailing,2021-01-28,
5,5,49685 Silva Plains,East Terrance,PA,45445,USA,billing,2010-11-23,2013-10-22
6,5,0892 John Viaduct Apt. 653,Lake Rebekah,WY,09466,USA,billing,2017-03-25,
7,6,77959 Jensen Manor Suite 217,South Jeffreytown,SC,29733,USA,home,2012-01-19,
8,7,9337 Aguirre Lane,South Jack,AL,48056,USA,billing,2022-11-26,
9,8,50812 Alexander Roads,Bradleytown,ID,26430,USA,billing,2016-01-17,
10,9,34258 Gregory Brooks Apt. 410,South Diana,FM,15045,USA,billing,2013-12-06,2017-01-22
11,9,47355 Shelley Union Suite 112,Port Jake,ND,50071,USA,mailing,2019-12-02,
12,10,9630 Melissa Hill Apt. 530,Moniquehaven,OR,64593,USA,billing,2023-02-17,2026-01-24
13,10,179 Gary Loaf,Victormouth,HI,42683,USA,home,2021-01-11,
14,11,777 Perkins Route Apt. 333,Royfurt,IL,40608,USA,mailing,2019-02-28,
15,12,9254 Dennis Corner Suite 785,New Blake,NY,81913,USA,home,2012-05-06,
16,13,7766 Ballard Island Suite 602,Hallland,MI,11303,USA,mailing,2021-02-10,
17,14,881 House Courts Apt. 150,West James,MA,33272,USA,billing,2018-12-25,
18,15,439 Yesenia Terrace Suite 044,Kristafurt,MO,76516,USA,mailing,2011-12-23,2014-03-26
19,15,8263 Jennifer Fords,Hallshire,WY,72933,USA,home,2017-04-02,
20,16,751 Singleton Meadow Suite 377,West Donberg,ME,97206,USA,billing,2019-01-25,
21,17,5536 Jennings Lodge,Marktown,OK,04722,USA,billing,2010-01-10,
22,18,59999 Baird Ford,Brownfurt,ID,62731,USA,mailing,2020-05-12,
23,19,9741 Damon Plaza,North Margaret,PA,64544,USA,billing,2021-08-18,2024-02-24
24,19,31643 Kelly Pine,South Brianhaven,AL,23022,USA,billing,2021-03-07,
25,20,6212 Mendoza Cliff Suite 323,Ryanfort,GA,79630,USA,home,2011-02-27,
26,21,387 Harris Divide Suite 169,New Mark,OK,64851,USA,mailing,2012-12-09,
27,22,9014 Reed Ville Suite 692,Wrightchester,NH,50919,USA,home,2020-11-14,
28,23,916 John Ways,West Nicole,ND,38759,USA,billing,2023-08-28,2025-06-28
29,23,376 Wanda Club,New Katiemouth,MT,59606,USA,mailing,2013-07-21,
30,24,3807 Charles Square,Jamesfurt,PR,25981,USA,mailing,2022-05-22,
31,25,04125 Washington Cliff Apt. 837,South Lori,MP,21651,USA,home,2012-07-18,2015-08-17
32,25,91241 Jackson Skyway,Lake Joshuamouth,MI,23823,USA,mailing,2013-06-15,
33,26,083 Horton Villages,South Hannahmouth,AR,78908,USA,billing,2016-07-18,
34,27,63353 Christopher Manor,North Matthewborough,TX,88181,USA,mailing,2019-04-27,
35,28,12206 Lisa Islands,New Jamie,ND,52282,USA,mailing,2015-06-20,
36,29,33155 Alexis Shoal Suite 063,Robinsonview,SD,82278,USA,home,2018-08-09,
37,30,13649 Bird Cove Apt. 419,Tinafurt,TX,91428,USA,billing,2021-05-26,
38,31,2571 Smith Prairie,Reyesbury,NY,77501,USA,mailing,2011-07-26,
39,32,09143 Todd River,North Devinfort,LA,26979,USA,mailing,2019-04-23,
40,33,3039 Stevenson Isle,West Lonnie,WY,05692,USA,mailing,2021-05-22,
41,34,403 Cooper Ford Apt. 339,Boydburgh,NV,83047,USA,billing,2016-05-06,
42,35,71302 David Extensions,East William,NE,95526,USA,billing,2023-03-02,
43,36,2336 Catherine Hollow Suite 973,Michellefort,CO,47632,USA,home,2020-12-25,
44,37,2776 Wolf Viaduct Suite 066,Port Rebeccaport,PA,70912,USA,mailing,2020-11-11,
45,38,246 Torres Haven,Hartfort,CA,44178,USA,mailing,2022-03-10,
46,39,732 Adam Wall,Travischester,MO,97781,USA,home,2017-03-21,
47,40,7491 Dyer Crossing Suite 923,Kruegerstad,NY,93447,USA,billing,2015-05-11,
48,41,506 Fitzgerald Gardens Suite 050,West Catherine,TX,19816,USA,home,2019-03-20,
49,42,99201 Dawn Lights Suite 918,South Gabriel,NE,33645,USA,billing,2020-08-10,
50,43,869 Gross Terrace Apt. 195,West Kaitlyn,WA,52663,USA,mailing,2018-07-21,
51,44,27011 Warren Shoal Suite 622,Jacobberg,ID,64263,USA,mailing,2013-05-31,
52,45,179 Jacob Circle,Port Katherine,KS,54082,USA,billing,2012-10-31,
53,46,912 Kelly Lane Apt. 415,New Jimmyfort,TX,13714,USA,home,2017-06-12,
54,47,40901 Alexa Avenue,Morrisonview,NM,62528,USA,home,2019-11-16,
55,48,655 Key Viaduct Apt. 566,West Morganville,AL,60390,USA,home,2020-04-01,
56,49,209 Misty Harbors Apt. 579,Robertsonborough,AL,84134,USA,billing,2019-03-13,
57,50,50573 Ross Ridge Apt. 567,Lake Paulborough,VT,19265,USA,mailing,2011-09-05,
58,51,71487 Peggy Crescent,Batesbury,IA,28241,USA,mailing,2015-12-12,
59,52,116 Ethan Islands,Mirandabury,VA,34268,USA,billing,2018-12-01,
60,53,128 Davis Square Suite 399,Lake Matthewfurt,SD,84662,USA,billing,2017-05-15,2021-08-23
61,53,34141 Christopher Streets Apt. 195,Port Lawrence,MS,76118,USA,mailing,2018-07-11,
62,54,0983 Whitney Island,Laurenberg,NC,87499,USA,billing,2020-12-11,
63,55,60875 Lisa Hill,South Erin,FL,79336,USA,billing,2011-07-15,2013-05-05
64,55,09548 Joshua Vista Suite 374,Brownmouth,FL,94448,USA,home,2016-06-12,
65,56,302 Luna Hills,North Amy,MA,55870,USA,home,2019-09-26,
66,57,6618 Campbell Fields Suite 125,Port Sarahport,NH,86305,USA,mailing,2012-04-03,
67,58,277 Merritt Fords,Port Kaitlin,WA,85860,USA,home,2016-09-19,2017-05-16
68,58,9126 Shelton Extension,North Michaelfort,HI,07378,USA,home,2017-04-11,
69,59,596 Courtney Lodge,North David,MO,64546,USA,mailing,2018-05-29,
70,60,926 Kimberly Way Suite 475,North Darrylville,NM,84571,USA,billing,2021-11-30,2024-09-18
71,60,99974 Laura Falls,Washingtonchester,ME,75398,USA,home,2014-01-15,
72,61,51826 Phillip Viaduct,Brownshire,ND,94053,USA,billing,2023-09-02,2026-04-22
73,61,12920 Mcbride Crossing,East Baileyburgh,CO,74228,USA,mailing,2015-05-27,
74,62,11845 Rodney Shoals Apt. 340,Donnamouth,DC,76138,USA,home,2013-03-18,
75,63,585 Hailey Shore Apt. 303,West Melissa,IL,18091,USA,mailing,2015-09-12,
76,64,542 Jones Glens,Patrickburgh,MO,60278,USA,mailing,2010-03-18,
77,65,6283 Crystal Grove,Lake Nathan,TN,85405,USA,home,2022-04-05,
78,66,2566 Tamara Gateway,West Davidville,TX,72376,USA,mailing,2017-10-01,2021-07-15
79,66,51554 Misty Fork Suite 016,South Stephanie,WY,16688,USA,billing,2019-07-08,
80,67,497 Allison Squares,Andreaville,MH,06787,USA,home,2016-10-10,
81,68,6258 Woods Crossroad,Alberthaven,VT,20881,USA,home,2020-11-02,
82,69,69405 Erika Manor,Whitestad,AS,61929,USA,billing,2022-10-30,2025-05-02
83,69,6834 Stacey Lodge Suite 111,North Frederick,AR,11587,USA,billing,2016-08-20,
84,70,706 Timothy Passage Apt. 609,Port Julie,VT,56203,USA,mailing,2018-11-17,
85,71,89097 Emily Track Apt. 215,New Michael,AR,55908,USA,billing,2011-02-06,2014-12-28
86,71,2515 Marie Vista Apt. 447,Josephtown,WA,83230,USA,mailing,2021-02-21,
87,72,48079 Brown Avenue Suite 545,North Michaelburgh,MO,46970,USA,billing,2015-03-01,
88,73,67318 Robert Oval,East Kaylaview,IN,62196,USA,billing,2014-11-30,
89,74,4562 Rodriguez Mill Suite 225,Smithborough,DE,25347,USA,billing,2015-08-16,2019-12-01
90,74,26650 Elizabeth Neck Suite 167,Marshberg,MD,98947,USA,billing,2013-01-25,
91,75,621 Laura Crossroad Apt. 580,North Erika,MA,56818,USA,mailing,2010-11-19,2013-02-08
92,75,7447 Kathleen Gateway,Lake William,IA,37350,USA,billing,2010-10-01,
93,76,3637 Jacqueline Parkway,East Victoria,OR,82933,USA,home,2012-12-12,
94,77,12604 Sarah Meadow,New Jameston,MS,53886,USA,billing,2017-04-30,
95,78,335 Mendoza Pass Suite 041,Michaelstad,VT,55298,USA,home,2014-07-03,
96,79,0200 Donna Islands,West Thomas,PW,79999,USA,billing,2018-03-17,
97,80,2475 Torres Court,Lake Andreaberg,MA,47761,USA,home,2016-02-11,
98,81,989 Allen Harbor Apt. 961,East Crystalville,AZ,77382,USA,mailing,2020-10-22,
99,82,71189 Turner Mountains,New Jennifer,AZ,17256,USA,home,2017-08-06,
100,83,8485 West Stravenue,South Carloschester,NC,66544,USA,home,2011-09-09,
101,84,94240 Laura Square,Lake Lisa,NM,90245,USA,billing,2015-01-23,
102,85,78686 Lawson Ford,North Ernest,IL,78110,USA,billing,2018-11-30,
103,86,788 Turner Forges,Jeanetteside,DE,22928,USA,home,2018-11-07,
104,87,83402 Ho Groves,Lake Tinaborough,ND,15729,USA,mailing,2012-10-09,
105,88,595 Miller Squares,Jenniferchester,MH,80649,USA,billing,2015-11-18,
106,89,0053 Thompson Brook Apt. 649,Port Scott,MD,35732,USA,home,2018-05-02,
107,90,627 Jessica Mews,Eddiefort,CO,65507,USA,home,2020-07-29,
108,91,2239 Harding Falls,Andrewburgh,FM,23796,USA,mailing,2022-08-05,
109,92,931 Charles Gardens Suite 618,Lake Karen,AL,79575,USA,billing,2014-12-19,
110,93,6010 David Trail,West Douglastown,WY,01732,USA,mailing,2020-05-31,2024-11-01
111,93,513 Timothy Port,Ochoaport,MA,63272,USA,home,2019-02-27,
112,94,08481 Mallory Cove,Curtischester,FL,00659,USA,mailing,2010-11-01,2013-01-12
113,94,36625 Perez Spur,Mcdanielville,NM,22725,USA,home,2012-08-09,
114,95,14519 Wilson Corner,New Edwardchester,NC,44389,USA,mailing,2022-01-21,2023-04-23
115,95,624 Bailey Cove,Sabrinastad,KS,93733,USA,mailing,2020-03-05,
116,96,22526 Griffith Turnpike,Briggsville,OK,56528,USA,mailing,2022-02-12,
117,97,15226 Flores Manors Suite 695,Port Sherry,PW,32732,USA,mailing,2013-06-19,
118,98,8788 Patel View Apt. 619,Rosebury,UT,11937,USA,billing,2020-12-22,
119,99,0305 Rosario Creek,West Michaelberg,LA,60845,USA,home,2016-04-10,
120,100,633 Brian Dam,Lake Janefurt,VA,03954,USA,mailing,2014-11-15,
121,101,0191 Monroe Ways Apt. 025,North John,AL,75104,USA,mailing,2015-04-19,
122,102,27284 Jenkins Junction Suite 041,North Nicole,AZ,79691,USA,billing,2018-03-29,2021-10-14
123,102,206 Frazier Wells,Spencerview,PW,75482,USA,home,2018-01-17,
124,103,362 Dudley Pike Suite 236,East Philipside,PA,10620,USA,home,2014-04-04,
125,104,5662 Linda Rue Suite 341,North Michaelmouth,AK,31896,USA,home,2020-03-14,
126,105,81139 Katherine Inlet Apt. 830,West Christopher,OK,74530,USA,home,2023-05-24,
127,106,700 Davis Inlet,West Karenfurt,NY,26044,USA,home,2017-06-25,2019-05-04
128,106,5215 Mosley Parkway Apt. 820,Woodston,LA,21632,USA,home,2022-08-31,
129,107,711 Nicole Valley,Port Jennifer,NY,68173,USA,billing,2022-06-07,2024-02-01
130,107,2545 Williams Station Suite 339,East Ashleyfort,CT,02459,USA,home,2014-11-05,
131,108,8171 Edwards Hill,North Joshua,MN,46817,USA,billing,2013-04-23,
132,109,27474 Santos Dam,New Tracystad,PR,38069,USA,billing,2013-03-31,2014-06-20
133,109,9275 Brooks Springs Suite 874,New Tiffanyton,WA,32589,USA,home,2015-08-16,
134,110,14629 Nash Fork,Sawyerland,MI,61564,USA,home,2010-07-31,2011-10-23
135,110,871 Henry Coves Suite 636,Calebmouth,PA,64240,USA,home,2018-01-13,
136,111,714 Johnson Drives,Thomasborough,MD,74976,USA,home,2010-05-10,
137,112,605 Irwin Forest,East Mirandachester,KY,33540,USA,billing,2012-11-04,
138,113,21461 Russo Mission,Warrenview,HI,07545,USA,billing,2012-07-20,
139,114,5423 Mcmahon Orchard,Nicholsburgh,UT,57751,USA,mailing,2020-01-21,2024-11-28
140,114,960 Christian Shores Apt. 550,South Sarah,NM,41973,USA,billing,2021-07-06,
141,115,648 Vanessa Village,Lake Shannon,OR,13273,USA,billing,2021-04-20,2023-01-13
142,115,36829 Robinson Fords,Lake Barbara,AL,49031,USA,billing,2010-12-22,
143,116,44817 Gutierrez Knoll Suite 868,Danielburgh,NH,56650,USA,mailing,2021-09-11,
144,117,89286 Mitchell Shoals Suite 491,Port Maryland,SD,02654,USA,home,2010-09-13,
145,118,79817 Elizabeth Walk Suite 337,Wilsonfort,DE,46456,USA,mailing,2019-01-04,
146,119,6053 Adams Shoals Suite 463,South Antoniotown,FL,49575,USA,billing,2020-12-30,
147,120,2963 Lee Row Suite 096,Lake Peter,VA,23270,USA,home,2011-08-26,
148,121,8263 Jennifer Crossroad Apt. 964,West James,CO,03861,USA,home,2013-04-30,
149,122,92098 Ashley Burg Apt. 752,Lake Rachael,ME,25906,USA,billing,2023-02-17,2026-09-12
150,122,640 Miller Divide,Lake Traciville,DE,60679,USA,mailing,2017-04-17,
151,123,24421 Troy Lake,South Craig,WY,03378,USA,mailing,2021-11-25,
152,124,71366 Schultz Mission Apt. 240,Lake Ashley,PA,04623,USA,mailing,2023-07-31,
153,125,5799 Eric Streets,Saraborough,PA,04374,USA,billing,2012-07-26,2016-09-23
154,125,823 Wilson Forge,West Dillonland,VA,91150,USA,billing,2022-05-14,
155,126,4731 Erickson Run,Stuartfort,NE,67695,USA,mailing,2019-08-25,
156,127,42346 Brandy Trafficway Suite 237,Andradechester,PA,98422,USA,mailing,2019-04-13,
157,128,9196 Gonzalez Knoll Suite 172,New Johnnychester,LA,79653,USA,mailing,2018-12-11,
158,129,0125 Gibbs Knolls Apt. 135,Dustinmouth,DE,01763,USA,mailing,2017-01-04,
159,130,053 Bradley Islands Apt. 816,Carolynhaven,IL,13990,USA,mailing,2015-09-20,
160,131,919 Fleming Mews Suite 533,Port Troyton,KY,55713,USA,home,2020-08-21,
161,132,72959 Young Brooks,Andrewshire,AL,61026,USA,mailing,2011-12-01,2012-12-05
162,132,60880 Newman Cliff Suite 164,Loganstad,MO,10956,USA,billing,2012-03-02,
163,133,9064 Snyder Row Apt. 591,East Brandontown,DC,14281,USA,billing,2012-12-01,
164,134,632 James Valleys Suite 800,Nicoleton,DE,06792,USA,mailing,2022-08-06,2026-03-28
165,134,45964 Sara Prairie Suite 125,Port Breanna,PR,54672,USA,mailing,2012-09-28,
166,135,188 Becky Shore Suite 457,North Joseph,LA,93743,USA,billing,2019-06-27,
167,136,8331 Teresa Circle,North Ellen,NH,50971,USA,mailing,2016-06-14,2020-04-23
168,136,1539 Hodges Inlet,Rioshaven,CT,17548,USA,home,2017-11-20,
169,137,6798 Kimberly Field,West Rodneyport,VI,76161,USA,home,2014-10-09,
170,138,71130 Lopez Burgs,Stanleymouth,MI,35310,USA,home,2015-01-12,
171,139,156 Edward Parkway,Romeroton,NV,36229,USA,mailing,2022-06-23,
172,140,06634 Richard Ranch Suite 897,Rodriguezton,SD,33130,USA,home,2016-04-01,2019-12-17
173,140,10094 Cameron Courts,Jeremyfurt,MO,51997,USA,billing,2019-08-17,
174,141,47323 Walsh Squares,Jessicaville,HI,66461,USA,billing,2023-12-12,
175,142,432 Maldonado Expressway Apt. 572,Lake Thomasmouth,AK,23768,USA,home,2022-06-27,
176,143,20957 Tracy Gateway Suite 100,Maryhaven,NY,22429,USA,home,2015-12-31,
177,144,14577 Fritz Glens,Kingmouth,AL,46720,USA,mailing,2016-12-06,2019-04-30
178,144,589 Rodriguez Spur Apt. 263,West Tyler,IA,76206,USA,home,2010-02-20,
179,145,3136 Tammy Wells Suite 824,Pamelafurt,OR,55196,USA,billing,2022-09-14,
180,146,3098 Flowers Crossing Suite 795,Danieltown,NM,90354,USA,billing,2013-03-08,
181,147,2849 Kevin Heights,Port Kennethmouth,AZ,28986,USA,home,2010-09-09,
182,148,107 Smith Knoll Apt. 042,Natashahaven,TN,73999,USA,mailing,2014-10-29,
183,149,42369 Kelly Bypass,Fitzpatrickbury,AS,89433,USA,home,2017-08-24,
184,150,6144 Thompson Mews Suite 923,Derekside,ID,39961,USA,billing,2017-04-11,
185,151,49782 Patton Village Suite 128,Bensonhaven,TX,93902,USA,home,2011-03-07,
186,152,5676 Murray Points Apt. 612,Kristinshire,NY,49405,USA,billing,2023-11-10,2024-08-17
187,152,894 Karina Lock,South Elizabeth,NH,68397,USA,mailing,2011-10-31,
188,153,10415 Lynn Port Suite 501,Lake Jamieberg,OH,97549,USA,mailing,2019-07-06,
189,154,32440 Hanson Flats Apt. 102,New Collinborough,CT,62595,USA,mailing,2019-04-16,
190,155,760 Kevin Orchard,Port Jimmy,PR,72160,USA,mailing,2021-06-29,2022-08-16
191,155,791 Thomas Brooks Apt. 232,South Timothy,LA,87996,USA,home,2019-08-23,
192,156,754 Cruz Union,South Robertchester,FL,04167,USA,mailing,2023-04-21,
193,157,1960 Johnson Run Suite 052,Khanmouth,KY,01696,USA,home,2016-12-01,
194,158,8835 Palmer Extensions,West Diana,OK,44972,USA,home,2023-06-11,2024-03-29
195,158,244 Jones Villages Suite 679,New Jeanette,NY,86865,USA,mailing,2014-08-02,
196,159,59959 Jones Burgs Apt. 311,Villafort,MD,30848,USA,mailing,2013-01-29,
197,160,26610 Wilson Vista,South Kathryntown,HI,42595,USA,home,2012-09-09,
198,161,762 James Overpass,Sheltonbury,ID,97776,USA,home,2019-08-29,
199,162,8319 Crystal Skyway,East Arthurberg,MH,01187,USA,home,2021-12-11,2026-05-20
200,162,9815 Faith Stream Suite 339,Masonstad,RI,73730,USA,billing,2021-03-22,
201,163,76619 David Path,Craigfort,IN,07248,USA,home,2017-12-11,
202,164,34465 Monique Estate Suite 189,Port April,RI,66043,USA,mailing,2010-12-13,
203,165,9081 Giles Greens Apt. 056,Jameston,DC,27270,USA,billing,2011-09-30,2013-12-29
204,165,037 Linda Port Apt. 516,New Timothyberg,KY,95309,USA,billing,2019-08-18,
205,166,07835 Woods Tunnel,North Sarah,AK,26213,USA,mailing,2019-05-15,
206,167,087 Paul Lane Apt. 668,North Samuel,MH,81195,USA,home,2010-06-20,2012-10-12
207,167,3560 Jesse Radial Apt. 368,Port Alexisbury,GU,07956,USA,mailing,2023-11-12,
208,168,27240 Bailey Shoal,West David,MO,63245,USA,home,2018-02-12,
209,169,114 Troy Street,Priscillabury,NV,93972,USA,home,2012-05-17,
210,170,8438 Flores Plains Apt. 056,Ramirezborough,PW,18475,USA,billing,2018-12-25,
211,171,8315 Barry Freeway,Santosmouth,DE,03291,USA,mailing,2016-12-16,2021-08-19
212,171,44964 Brian Walk Suite 706,Wallacebury,IL,50220,USA,mailing,2014-12-21,
213,172,680 Johnson Track,Sharonmouth,MP,34911,USA,billing,2011-09-18,
214,173,59660 Angela Stravenue,Micheleside,NH,56053,USA,billing,2021-11-25,
215,174,67320 Marsh Harbor Apt. 384,Ashleyton,RI,36450,USA,billing,2017-11-02,2020-04-19
216,174,4901 Carroll Islands Suite 277,South Alanton,MI,63442,USA,home,2013-04-24,
217,175,0914 Ashley Mill,West Katie,KY,34519,USA,home,2015-09-28,2017-05-04
218,175,32290 Danny Camp Apt. 879,Bobbybury,AR,94158,USA,home,2023-07-06,
219,176,0580 Michael Club Suite 181,East Mark,MN,89763,USA,home,2011-09-10,
220,177,64205 Rogers Lodge Suite 749,East Michealport,FL,77994,USA,mailing,2021-01-30,
221,178,93588 Case Lane,Lake Jessicafurt,WV,85594,USA,mailing,2022-12-31,
222,179,39898 Ryan Crossing,New Thomashaven,NC,58306,USA,billing,2022-08-30,
223,180,3943 Sanchez Trafficway Suite 375,Lake Johnchester,MN,10946,USA,billing,2017-04-01,
224,181,815 Jacobs Mission Suite 392,Port Regina,TX,77146,USA,home,2019-11-12,
225,182,445 Wilson Lodge,Wagnerberg,OK,65276,USA,mailing,2016-10-16,
226,183,70216 Cannon Station,Newtonberg,VI,04967,USA,billing,2017-11-23,
227,184,21288 Strong Knoll Apt. 683,Davidmouth,OR,80292,USA,home,2020-05-10,2023-05-20
228,184,015 Lozano Roads,Yangchester,LA,99809,USA,mailing,2011-04-12,
229,185,229 Edwin Avenue Suite 765,Thompsonshire,KY,13201,USA,billing,2011-09-21,
230,186,7509 Mitchell Lights,Katherineberg,AZ,96789,USA,billing,2012-01-10,
231,187,8499 Garcia Haven,North Keith,NM,58030,USA,mailing,2018-08-16,
232,188,44913 Thomas Ford,North Carmen,AZ,71257,USA,mailing,2010-12-03,
233,189,70534 Dennis Pike,Port Shawn,PW,14868,USA,billing,2022-10-28,
234,190,6741 Victoria Street,West Lindabury,VA,10246,USA,billing,2023-07-28,2026-09-24
235,190,85478 Jasmine Island Apt. 618,Jamesside,TN,82562,USA,home,2013-05-20,
236,191,032 Wiggins Forges,West Theodore,NM,25025,USA,billing,2017-09-14,
237,192,2318 Aaron Cliff Suite 893,North Robert,KS,80897,USA,home,2013-11-14,2014-08-01
238,192,935 Moreno Falls Suite 347,Roblesfurt,PA,47310,USA,mailing,2019-10-27,
239,193,1314 Montes Islands Apt. 612,Huberville,MI,91854,USA,home,2023-09-05,
240,194,277 Mcdaniel Burgs Suite 483,Brownmouth,KS,88973,USA,mailing,2016-05-06,
241,195,6766 Gaines Grove Suite 350,Sethbury,OK,22329,USA,billing,2017-08-03,
242,196,199 Anderson Plains,Lake Andrewfurt,CO,92871,USA,home,2017-07-04,
243,197,8108 Michael Flat Apt. 863,Lauriestad,MA,54685,USA,billing,2022-07-07,
244,198,300 Kari Pine,New Raymondfort,AZ,21072,USA,billing,2015-08-27,
245,199,0330 Brady Via Suite 624,North Charleschester,AK,02433,USA,home,2023-07-09,
246,200,96394 Coleman Summit,West Joshuaborough,CT,35139,USA,billing,2023-01-26,
247,201,4613 Hoffman Orchard Suite 883,Smithfort,VA,52096,USA,billing,2017-11-05,2020-01-29
248,201,173 Ray Fort Suite 579,Lake Lanceberg,AS,83065,USA,home,2018-10-16,
249,202,82379 Christopher Lodge,Millsshire,WV,30966,USA,mailing,2011-11-26,
250,203,4645 Benjamin Spurs,Savageview,UT,27924,USA,home,2017-05-14,
251,204,753 Murray Orchard Apt. 161,Martineztown,GA,68650,USA,home,2021-10-22,
252,205,37106 Jackson Unions,Taylorside,MT,52851,USA,billing,2019-07-01,
253,206,1644 Gilbert Landing,East Kelly,TX,27300,USA,mailing,2018-02-18,
254,207,947 Clark Isle Apt. 287,West Robertberg,NJ,09289,USA,mailing,2014-10-21,2017-03-18
255,207,3318 Rivera Circle,Wheelerland,MI,83907,USA,home,2014-04-22,
256,208,0344 Silva Inlet,Claudiafurt,KS,74047,USA,home,2013-06-23,
257,209,92134 Jose Cove,Port Alexa,SD,50694,USA,billing,2012-04-08,
258,210,994 Clark Alley Apt. 319,East Fred,VI,00533,USA,home,2021-10-23,
259,211,02876 Murphy Parkway Apt. 386,Schroederfort,MI,41364,USA,home,2023-11-11,
260,212,193 Sonia Village Suite 268,Henryview,TX,16261,USA,home,2013-06-17,
261,213,520 Wyatt Trail Suite 639,South Neil,WA,01899,USA,mailing,2013-09-18,2018-04-01
262,213,5830 Murphy Land,Wesleytown,PA,36287,USA,mailing,2010-12-24,
263,214,476 Wendy Squares,Joshuaton,OK,04489,USA,mailing,2015-04-30,
264,215,772 Brady Rue Apt. 050,Lake Jill,VI,17756,USA,home,2020-01-26,
265,216,1070 Davis Plains,Tonyaborough,SD,80979,USA,mailing,2016-12-10,
266,217,5295 Shelia Lodge,Monroeton,CA,25790,USA,mailing,2014-05-09,
267,218,412 Williams Rest,Lake William,HI,83771,USA,mailing,2022-10-17,
268,219,4851 Owens Villages,New Sarahland,DE,12371,USA,mailing,2016-04-27,
269,220,125 Katie Turnpike,East Danamouth,CO,95433,USA,home,2019-05-23,
270,221,3240 Mccarthy Fall,Donaldmouth,MT,30118,USA,home,2023-07-25,
271,222,3244 Baker Overpass,Bethstad,WI,84626,USA,billing,2011-03-04,
272,223,209 Moore Port Apt. 654,West Holly,NY,72801,USA,billing,2018-04-29,
273,224,83437 Johnson Crescent Apt. 727,Nathanfurt,TN,77622,USA,home,2021-07-28,
274,225,1502 Alvarez Junction,East Robinport,GA,61690,USA,mailing,2013-08-06,
275,226,79799 Simon Mountains,West Jennifer,PA,44787,USA,home,2021-07-07,
276,227,640 Kathryn Parkways Apt. 664,Watkinsburgh,NY,22309,USA,home,2012-01-22,
277,228,839 David Isle Apt. 142,Stephenburgh,NH,00611,USA,home,2017-11-03,
278,229,24412 Michaela Mews,Lake Johnside,PR,49555,USA,billing,2018-11-22,
279,230,2517 Hale Mountains,Guerrabury,WV,13060,USA,home,2018-08-30,
280,231,52654 Carlson Place Apt. 579,East Nicoleburgh,WI,31323,USA,mailing,2010-08-19,
281,232,5809 Melendez Rue Apt. 273,East Kevinland,MA,50841,USA,home,2017-07-09,
282,233,2446 Johnson Manor,East Raymond,NC,14451,USA,billing,2016-06-08,2019-07-30
283,233,51602 Anderson Parkways Suite 707,Hendersonton,ME,56204,USA,billing,2013-02-10,
284,234,197 Norman Station Suite 851,South Amanda,MS,88937,USA,home,2023-10-20,
285,235,05943 Graham Mountain,Billfort,NH,48618,USA,mailing,2010-06-05,
286,236,546 Leonard Trafficway,New Josephport,MI,55165,USA,billing,2013-05-09,2016-12-02
287,236,5409 Michael Camp,Wrightland,ND,12896,USA,billing,2023-08-28,
288,237,276 Reed Mount,Port Rebecca,VA,69124,USA,home,2016-06-18,
289,238,15502 Patrick Stream Apt. 546,Johnsonview,VA,86077,USA,home,2011-01-27,
290,239,1394 Gilbert Plains,Lake Lauren,MN,75649,USA,mailing,2023-12-21,
291,240,64248 Cassandra Falls Suite 406,North Kimberly,TN,17509,USA,billing,2021-03-18,2025-01-18
292,240,7951 Jeffrey Station Suite 319,Jessicamouth,OR,55651,USA,billing,2010-05-15,
293,241,678 Matthew Island Suite 727,Clarkburgh,TX,51627,USA,billing,2015-06-05,
294,242,0917 Miller Summit Suite 445,Craigtown,FL,82403,USA,billing,2019-08-18,2020-02-17
295,242,596 Forbes Brooks,Angelafort,IA,49690,USA,home,2017-11-30,
296,243,9116 Jason Creek,Gregoryburgh,WI,96768,USA,billing,2014-03-15,
297,244,653 Lester Harbors Suite 515,Perezfurt,NM,99699,USA,mailing,2021-09-28,
298,245,7226 Smith Village Suite 721,Carpenterchester,MT,54279,USA,billing,2021-10-19,2025-05-05
299,245,093 Chelsea Parkway,New Ashleychester,AK,43102,USA,billing,2021-05-21,
300,246,97150 Arnold Way,Port Robin,NH,48874,USA,billing,2020-07-18,2021-04-13
301,246,73524 Patricia Ford,Stevensmouth,IA,23684,USA,mailing,2018-09-05,
302,247,195 John Stravenue Apt. 006,Atkinsland,WY,55169,USA,mailing,2010-05-14,
303,248,819 Samuel Views Apt. 460,Reginaldhaven,SC,85649,USA,home,2017-09-25,
304,249,1124 Jennifer Lakes Suite 523,Clarkville,MA,84653,USA,billing,2012-04-29,
305,250,7345 Norris Isle,Lyonsshire,KY,78413,USA,home,2017-06-16,
306,251,28403 Elliott Station,Kristopherburgh,OK,83586,USA,billing,2022-03-31,2024-08-20
307,251,7422 Catherine Walks Suite 430,New Kevin,OR,02082,USA,billing,2013-12-05,
308,252,8867 Teresa Row Apt. 985,Nicholasfort,SD,22668,USA,billing,2020-09-25,
309,253,76015 Kyle Fork Apt. 491,West Victor,OK,84208,USA,billing,2013-01-09,2013-11-14
310,253,833 Beck Locks,West Williamview,OH,70592,USA,home,2020-04-07,
311,254,79833 Robles Falls,East Hannah,NH,23757,USA,home,2010-12-25,
312,255,484 Julia Street,East Alexandraton,IL,30331,USA,mailing,2017-01-29,
313,256,977 Amanda Tunnel,West Kristyland,ID,63192,USA,mailing,2022-03-07,
314,257,1731 Carmen Hills,New Russellville,VA,58518,USA,mailing,2014-04-15,
315,258,970 Webster Rapid,Travisburgh,MA,66992,USA,billing,2011-01-27,
316,259,444 Matthew Springs Suite 712,Smithhaven,NJ,65484,USA,mailing,2012-10-16,
317,260,16417 Little Plain,East Kimberly,WV,30883,USA,billing,2018-12-21,
318,261,8458 Garcia Hills,New Emily,MD,20999,USA,mailing,2018-09-03,
319,262,2292 Frye Mountains,Chanview,IN,34953,USA,billing,2021-02-16,
320,263,5245 Calderon Island Suite 469,Farmertown,WV,53464,USA,mailing,2021-08-24,
321,264,5274 Lori Flats,Lake Jennifer,LA,49453,USA,home,2019-07-10,
322,265,6658 Lauren River,Gatesville,CA,32369,USA,billing,2014-01-18,
323,266,7970 Watts Squares,Wrightshire,MS,08275,USA,home,2012-04-20,
324,267,54857 Rodriguez Dale,West Tiffanychester,GU,20394,USA,mailing,2016-08-18,
325,268,493 Samuel Islands,Angelaport,UT,03365,USA,home,2019-07-23,
326,269,55732 Mcdonald Mount,Masonview,KS,79618,USA,mailing,2017-11-19,
327,270,16667 Marie Circle,Allenchester,AZ,66589,USA,mailing,2017-11-28,2021-11-06
328,270,749 Walters Street Apt. 918,New Erichaven,PR,11999,USA,billing,2016-02-28,
329,271,316 Owens Streets Apt. 512,Shawnchester,FM,03316,USA,home,2011-04-15,
330,272,409 Smith Fork Suite 624,New Emily,MD,70279,USA,mailing,2019-02-10,
331,273,395 Jacob Drive Apt. 421,New Carolynton,WI,17189,USA,home,2013-08-03,
332,274,55333 Martin Groves Apt. 350,South David,MS,03833,USA,mailing,2023-08-18,2027-12-03
333,274,360 Gonzales Flat Apt. 691,East Williamshire,VA,68199,USA,home,2010-10-13,
334,275,31795 Perry Fords,Port Williamfort,KS,67181,USA,mailing,2018-03-20,2020-09-26
335,275,0066 Nixon Courts,Michaelport,MP,09060,USA,home,2022-09-21,
336,276,431 Liu Brook Suite 502,East Anne,DC,68477,USA,mailing,2020-02-03,
337,277,70093 Watson Mall,South Gerald,NC,20342,USA,billing,2011-09-22,
338,278,1207 Kevin Road,Reginaview,RI,42584,USA,mailing,2018-03-26,2020-12-15
339,278,50702 Williams Lane,East Craig,MI,29690,USA,home,2016-04-02,
340,279,1177 Chase Plain,Taylortown,ME,62923,USA,billing,2010-08-01,
341,280,2585 Tim Summit Apt. 238,Port Sheri,IN,86904,USA,billing,2021-08-12,2024-04-10
342,280,164 John Glen,Lake Donna,MA,93622,USA,mailing,2012-08-22,
343,281,988 Wolf Curve Suite 652,Lake Rebeccafurt,SC,06794,USA,home,2020-01-04,
344,282,02032 Morris Ports,Webbstad,ID,82907,USA,billing,2016-05-28,
345,283,3794 Wilson Harbors Suite 524,Lindsayfort,WI,72446,USA,home,2021-01-06,
346,284,158 Brown Lakes Suite 082,East Theresaville,DE,72651,USA,home,2011-08-30,2014-09-08
347,284,54768 Tammy Parkways Apt. 683,Port Erin,WI,02692,USA,home,2019-12-26,
348,285,589 Anna Pines,Port Amandaside,IN,91424,USA,billing,2017-03-03,
349,286,2129 Megan Terrace,New Sheri,RI,56077,USA,billing,2011-06-16,
350,287,0646 English Mountain,Derekport,AL,10314,USA,home,2016-09-23,
351,288,843 Brian Loop Apt. 272,South Kristie,SD,55421,USA,mailing,2013-11-27,
352,289,335 Jeremy Harbor Apt. 619,East Scott,TX,36607,USA,home,2012-09-21,
353,290,18481 Hall Mill Suite 189,Hernandezmouth,FM,36166,USA,mailing,2015-04-24,
354,291,4176 Nancy Square,Blakebury,NC,14007,USA,mailing,2022-06-05,2026-02-16
355,291,995 Molly Shores,Copelandchester,MT,07926,USA,billing,2020-06-25,
356,292,4485 Estrada Glen,Christopherville,VT,64142,USA,mailing,2011-12-08,2012-10-17
357,292,739 Wade Cove,Castroshire,MS,80012,USA,billing,2018-12-06,
358,293,91919 David Track Apt. 599,Ochoaton,MI,85316,USA,mailing,2021-10-16,
359,294,9806 Caldwell Burg Apt. 920,Coreychester,AS,04220,USA,home,2022-11-23,
360,295,5553 Griffin Causeway Suite 742,New Kelli,OH,85473,USA,home,2017-02-10,2021-03-16
361,295,652 Gates Isle Suite 983,Mariaville,PW,95127,USA,mailing,2020-02-04,
362,296,659 Fowler Throughway,Harrisfort,MI,44672,USA,home,2017-09-23,
363,297,2250 James Inlet Suite 882,Montgomeryland,ID,12738,USA,billing,2022-05-14,
364,298,964 Jennifer Place,Randyfurt,CT,97007,USA,mailing,2012-11-23,
365,299,915 Scott Canyon Apt. 824,South Jeffreybury,IA,30101,USA,home,2011-03-30,
366,300,320 Sanchez Brooks Suite 768,South Jacob,NC,76640,USA,home,2016-10-27,
367,301,964 Lara Greens Suite 553,Amberland,UT,18129,USA,billing,2015-01-22,2017-06-28
368,301,389 Colin Tunnel Suite 851,Lake Michael,UT,85037,USA,home,2016-05-15,
369,302,4907 Crawford Mews,East Andrewmouth,OH,85734,USA,mailing,2022-05-10,
370,303,7215 Stephanie Harbor,Staceytown,VT,78847,USA,billing,2016-10-16,2020-09-23
371,303,2637 Ryan Spring Suite 539,Thomasside,TX,77423,USA,billing,2012-02-05,
372,304,90591 Christina Pines Suite 233,Port Howard,SD,65378,USA,billing,2023-04-11,
373,305,1169 Ballard Light,Taylormouth,HI,13065,USA,billing,2023-07-29,2025-12-16
374,305,2647 Jack Locks Apt. 351,Shannonville,NC,34287,USA,home,2010-12-04,
375,306,080 Davis Alley,North Markport,AK,74960,USA,billing,2022-12-08,2024-11-29
376,306,23972 Theresa Court Apt. 959,South Jasmine,FM,23765,USA,billing,2014-09-23,
377,307,0908 Lindsay Inlet,Danielburgh,OR,68460,USA,mailing,2010-09-06,
378,308,73929 Pace Shoals,Bowersville,TN,73175,USA,mailing,2022-03-28,
379,309,3523 Lopez Lodge,West Brianfort,AS,86963,USA,mailing,2016-10-10,
380,310,158 Sherman Row,West Luke,NV,26458,USA,mailing,2019-02-09,2021-04-08
381,310,666 Miller Burg Suite 158,Lynchport,NM,38144,USA,billing,2011-08-21,
382,311,031 Mcclain Summit,Lake Lee,AR,70531,USA,mailing,2019-11-11,2022-09-07
383,311,46358 Madison Spur,Rodgershaven,PR,23869,USA,home,2020-06-01,
384,312,031 Dodson Forges Suite 137,New Danielle,AL,06429,USA,mailing,2013-03-22,
385,313,14035 Valerie Views Apt. 560,East Carol,RI,88126,USA,billing,2017-02-28,
386,314,9434 Vaughn Mall Suite 643,Kingtown,SC,91271,USA,mailing,2017-09-30,
387,315,72311 Erik Turnpike Suite 128,Garyview,TX,94220,USA,billing,2018-04-24,2021-09-09
388,315,8449 Rodriguez Crest Suite 318,Gonzalezhaven,AZ,61968,USA,mailing,2012-05-19,
389,316,13062 Kathryn Valley Apt. 369,Samuelberg,NV,78751,USA,mailing,2012-09-30,2014-09-27
390,316,833 Williams Bridge,West Michele,KS,23507,USA,home,2015-07-24,
391,317,3066 Stacey Parkways Apt. 323,Dianemouth,AK,58242,USA,billing,2016-07-05,2019-02-26
392,317,98482 Amy Island,North Gailchester,NC,70529,USA,home,2019-05-19,
393,318,255 Douglas Cove,North Patrick,OK,08157,USA,mailing,2013-08-01,
394,319,130 Andrew View Suite 964,Colebury,TX,64799,USA,home,2017-01-05,
395,320,7727 Walker Heights Apt. 642,Jodychester,AS,39803,USA,billing,2021-03-05,
396,321,76836 Mary Knoll,South Robert,MT,60870,USA,mailing,2016-12-02,
397,322,6755 Ortega Dale Apt. 333,Port Jessica,WY,81618,USA,mailing,2018-10-27,2022-02-23
398,322,8654 Philip Mountains Apt. 874,Williamsborough,MA,72812,USA,home,2015-05-27,
399,323,686 Sherry Burg,South Ashley,HI,36325,USA,home,2011-02-03,
400,324,693 Robert Mountain,Port Joanna,WV,64291,USA,billing,2023-05-27,
401,325,980 Kristin Corner Apt. 005,West Sarahstad,ID,97964,USA,billing,2016-05-29,
402,326,41595 Alvarez Squares,West Kevin,AS,74148,USA,home,2012-05-30,2015-04-27
403,326,26189 Moore Plaza,Gravesview,UT,33189,USA,billing,2015-12-07,
404,327,271 Derek Light,Grayburgh,WI,03116,USA,mailing,2019-01-17,
405,328,9927 Tara Skyway Suite 515,East Dennisport,TX,52093,USA,billing,2011-02-24,2014-11-02
406,328,35415 Smith Ramp,Freystad,PR,33624,USA,mailing,2014-05-14,
407,329,480 Flores Expressway,Lake Johnport,KS,59343,USA,mailing,2011-08-26,
408,330,0471 Arnold Curve Apt. 904,Gonzalezfort,MS,51408,USA,mailing,2022-05-02,
409,331,465 Pratt Walk,Russellmouth,DC,45883,USA,billing,2023-12-24,
410,332,374 Miller Mission Apt. 581,Port Davidville,IA,10254,USA,home,2012-11-20,
411,333,1293 Michelle Branch,Lake Lindsayland,FL,76883,USA,billing,2017-08-09,
412,334,519 Brian Dam Apt. 121,North Ryanbury,IL,07054,USA,home,2013-03-27,
413,335,5837 Jeanette Park,South Keith,TX,78070,USA,billing,2019-01-02,
414,336,2801 Terri Greens,New Barbara,ID,92247,USA,billing,2010-11-15,2012-02-18
415,336,132 Avila Forks,South Cynthia,OR,39392,USA,mailing,2017-06-21,
416,337,436 Summers Street Apt. 804,Karenland,AR,08730,USA,billing,2013-05-05,
417,338,0961 Smith Summit Apt. 595,New Josemouth,NV,47439,USA,mailing,2013-02-19,
418,339,7475 Jeremy Extension Apt. 567,Nguyenfurt,NH,61369,USA,home,2017-02-22,
419,340,26602 James Ways Apt. 650,Moodyburgh,FL,78218,USA,billing,2023-10-30,
420,341,10672 Rogers Brooks,Myersport,MP,72502,USA,mailing,2023-04-26,
421,342,37976 Valentine Estate Suite 051,West Janiceport,FL,31322,USA,billing,2021-06-07,
422,343,67042 Mccoy Spur Suite 919,New Julian,VA,49437,USA,mailing,2022-08-17,
423,344,9710 Wood Gateway,West Haley,PW,41465,USA,mailing,2010-05-17,
424,345,8595 Rachel Islands Apt. 993,South Anna,FM,03043,USA,mailing,2012-06-16,
425,346,162 Miller Overpass Suite 941,Priceborough,WY,36704,USA,billing,2010-08-07,
426,347,0733 Mark Views,Hoffmanview,MD,64031,USA,billing,2022-12-22,
427,348,833 Kenneth Circle Apt. 884,Port Nicholas,UT,01931,USA,mailing,2011-02-25,2014-12-01
428,348,3240 Denise Track Suite 157,South Connie,OH,21076,USA,billing,2013-10-28,
429,349,1474 Jasmine Motorway Suite 292,Stephanieville,AR,43300,USA,mailing,2023-11-25,
430,350,2568 Cristina Rue Suite 625,Lake Justinshire,WV,75019,USA,billing,2015-06-08,2016-02-07
431,350,027 Sara Dam,North Alexandra,VT,31304,USA,home,2012-06-19,
432,351,5516 Potter Park,Gardnerhaven,MT,84625,USA,home,2017-01-13,2019-11-16
433,351,281 Shane Crescent Suite 330,North Dawnbury,NJ,06057,USA,billing,2019-04-06,
434,352,32285 Hughes Roads,Smithport,NM,03582,USA,billing,2021-04-03,2026-02-03
435,352,103 Jason Prairie Suite 051,Williamburgh,MO,28390,USA,billing,2020-07-30,
436,353,094 Hawkins Pass,Mooreborough,WV,80142,USA,billing,2013-02-05,
437,354,3546 Debra Mission Apt. 798,Harrisville,AZ,51285,USA,mailing,2017-04-16,2021-06-30
438,354,339 Whitaker Spring,New Lisa,MN,61289,USA,mailing,2021-10-14,
439,355,394 William Inlet,East Mariamouth,IL,65983,USA,mailing,2013-11-19,
440,356,576 Samantha Neck Suite 319,North Melissaton,PR,01970,USA,billing,2017-09-05,
441,357,47692 Brian Forge Apt. 651,Roberttown,ME,05087,USA,billing,2015-12-06,
442,358,2473 Samantha Summit,South Gregville,CO,95503,USA,mailing,2015-07-13,
443,359,9844 Jacqueline Neck,Lake Heatherborough,CA,52607,USA,mailing,2015-01-17,
444,360,07676 Teresa Ports Apt. 144,Harrisview,AK,88482,USA,billing,2014-08-26,
445,361,37009 Hansen Squares Suite 304,Christopherstad,NH,62429,USA,mailing,2017-02-10,
446,362,5882 Moss Key,Thompsonfurt,MN,61775,USA,mailing,2016-02-19,
447,363,2786 Ali Corners Suite 255,Hayesside,VI,89674,USA,mailing,2022-03-08,2024-10-20
448,363,58295 Melissa Ports,Port Laura,GU,91362,USA,home,2017-09-28,
449,364,61880 Barbara Glens Apt. 357,West Jessicastad,OH,52269,USA,billing,2016-06-14,
450,365,95613 Moore Square Apt. 081,Thomasland,UT,40681,USA,mailing,2019-12-03,2024-02-03
451,365,4381 Andrew Burgs,Davidburgh,GU,89693,USA,home,2020-09-29,
452,366,47165 Smith Ranch,Matthewstad,IL,40318,USA,billing,2022-01-30,2024-02-04
453,366,979 Erin Bypass Suite 550,Jackiefurt,WV,71151,USA,home,2016-02-04,
454,367,9957 Norman Oval,South Johnnyland,CO,32664,USA,home,2023-03-01,2024-12-30
455,367,6539 Johnson Inlet,Robinsonchester,CT,01850,USA,billing,2011-02-20,
456,368,087 Wayne Mountain,Heidifurt,AS,70711,USA,billing,2015-01-23,
457,369,9187 Rachel Hill,North Kelly,MA,56433,USA,mailing,2012-03-31,2015-01-21
458,369,213 Tucker Avenue,Parsonsburgh,WI,49878,USA,home,2020-08-05,
459,370,2359 Perez Mills,North Frankberg,WA,79826,USA,home,2013-01-31,
460,371,7560 Reid Coves,Wellsview,NE,73545,USA,mailing,2013-07-17,
461,372,11457 Hunter Gardens Apt. 102,New Jacobborough,NV,86990,USA,mailing,2020-09-01,
462,373,471 Brandi Crescent Apt. 332,Deanfurt,AL,49241,USA,mailing,2016-06-11,
463,374,018 Richards Branch,Nicoleberg,MD,32440,USA,home,2011-04-30,
464,375,37773 Gerald Plaza Apt. 228,Port Kathleen,NJ,67791,USA,billing,2015-03-18,
465,376,236 Pace Views,Richardchester,AZ,42507,USA,home,2010-11-02,
466,377,35679 Kaitlyn Crossroad Suite 986,East Carol,LA,65661,USA,home,2013-12-11,
467,378,9061 Janet Trail,Port Darlene,MN,36858,USA,mailing,2018-11-27,
468,379,7548 Calhoun Walk Suite 876,South Matthew,UT,64683,USA,home,2016-06-29,2017-03-12
469,379,891 Soto Groves Suite 983,Saramouth,PW,31881,USA,billing,2016-09-10,
470,380,4358 Ramirez Rapid,Santiagoborough,WI,80855,USA,mailing,2017-07-07,
471,381,435 Harris Mountain,North Jenny,FM,38703,USA,billing,2022-03-09,
472,382,95275 Peter Stravenue,Sarahmouth,ND,45248,USA,billing,2013-01-04,
473,383,9141 Li Lock,North Jacobview,NM,60107,USA,home,2014-04-29,
474,384,963 Williams Meadow Suite 917,Hughesville,DC,24238,USA,billing,2020-04-17,
475,385,0014 Amy Grove,Port Cody,WA,90511,USA,home,2014-03-06,
476,386,09001 Davila Stravenue Suite 463,East Christine,OK,99031,USA,billing,2016-08-13,
477,387,532 Angela Island Apt. 263,East Christopherview,AS,64235,USA,home,2014-05-02,
478,388,36337 Patricia Forges,Danielbury,TN,40935,USA,mailing,2019-02-04,
479,389,967 Jesse Vista Apt. 677,Lake Pamela,PR,81117,USA,mailing,2011-12-12,
480,390,84376 Morris Parks Suite 793,Drewland,PA,92111,USA,home,2014-02-22,
481,391,63355 Hill Stravenue Suite 369,Yushire,IA,85104,USA,home,2015-07-26,
482,392,0695 James Overpass,Ramseychester,CO,57826,USA,mailing,2015-04-14,
483,393,3454 Moore Forges Apt. 065,Port Jeremyburgh,CO,81169,USA,mailing,2017-05-24,
484,394,1847 Kelly Walks,Ramirezburgh,IN,54170,USA,home,2022-11-07,
485,395,81319 Ashley Tunnel Apt. 487,Jacobsonbury,AK,26110,USA,billing,2018-01-24,
486,396,14281 Tran Land,East Amanda,HI,32698,USA,mailing,2012-08-26,2015-10-03
487,396,2480 Phillip Expressway,South Ericberg,IA,80319,USA,mailing,2013-08-01,
488,397,473 Thompson Creek Apt. 290,South Derekport,NH,69824,USA,billing,2016-12-22,
489,398,688 Oneal Mountain Suite 996,Alexandrachester,GA,66450,USA,billing,2016-08-13,2019-03-03
490,398,03195 Wilson Loop Suite 645,West Tonytown,IL,57587,USA,home,2014-12-15,
491,399,9246 Douglas Forks,Kingfurt,NH,93940,USA,home,2020-09-22,
492,400,3726 John Drive Apt. 450,Stevenfurt,FM,86147,USA,mailing,2023-08-03,
