customer_id,first_name,last_name,date_of_birth,email,phone,ssn_hash,customer_since,is_vip
1,Daniel,Figueroa,1984-03-24,jeffreydoyle@example.net,001-581-896-0013x389,0955d96be0310a3d603e84cca2e887b4,2024-05-05,0
2,Joshua,Booth,1980-10-24,helenpeterson@example.org,651.216.1559,82f6a5dbff87da01f016e11ce370ae7e,2016-03-03,0
3,David,Nielsen,1977-03-16,arnoldmaria@example.net,(993)710-3413x164,d4b196b5cd9f19ce309caa8db9b07a56,2013-02-17,0
4,Jason,Adams,1964-11-21,lynchgeorge@example.net,527.264.8350,ea99d962bced64250942344989c115b7,2022-03-26,0
5,Joseph,Clark,1968-01-06,jason76@example.net,724.523.8849x696,a9340dc4cd73ee38fd8662c03f6ddd64,2019-06-19,1
6,William,Davis,1950-02-16,callahaneric@example.org,+1-669-716-6978x4801,52b60f1228856ea252528c4d9043788d,2012-02-07,0
7,Eric,Smith,1970-04-20,teresa28@example.org,+1-948-293-2528x8095,b3bb9d1e92c7bbea563322d9e3093734,2021-05-02,0
8,Natasha,Decker,1965-05-31,john39@example.org,671-882-2782,ee812f64f9dfc12ca46bb74d063aeefa,2022-08-03,0
9,Amber,Blair,2003-12-05,jenniferross@example.net,+1-557-587-1331x5098,1aec1f2c48141846b3d41436d3bb60b9,2024-07-29,0
10,Crystal,Perez,1988-11-18,heathchad@example.org,373-382-9973x763,3acd87b37875d988d51f6176792ecbc3,2019-05-30,0
11,Rodney,Owens,1964-10-28,nuneztracey@example.org,4658133387,f9f1f6bf0e754e53afc98ff876d9da94,2023-03-21,0
12,John,Leblanc,1972-03-12,jmorton@example.org,5808132677,9639f74c850972746c15921b637f534b,2010-02-23,0
13,Nicholas,Galloway,1951-12-02,sara74@example.com,001-287-223-4309x805,f04917fe37d515f9603bb6f9c046b8b2,2013-07-31,0
14,Samantha,Schmidt,1974-12-07,yuchristopher@example.org,291-336-1939,9d8b17792924fe7650dd9583ce2d0f34,2017-08-19,0
15,Annette,Stewart,1980-06-07,james53@example.com,(524)675-1079x9118,2f20d6265cfd212b8b69eba30619f3ef,2014-10-30,0
16,Nicole,Suarez,1964-06-18,justin78@example.net,698-608-4124x1182,2734b32faf7e12838d616da6bdfd3e51,2017-07-20,0
17,Matthew,Watts,1989-07-19,william40@example.org,+1-264-300-5242x7868,06d1b1bd577ddb27abd300aae5aab7e8,2018-07-10,0
18,Hannah,Hernandez,2000-10-22,davenportbrandi@example.org,(420)545-0533x15869,668a3e91b0896022c8b8ede812583e55,2017-09-18,0
19,Lauren,Thompson,2007-02-22,vjohnson@example.com,(534)221-6073x37543,f18e8e26e572d89e3a17b5d12edb6141,2010-12-22,0
20,Mark,Lin,1967-10-30,michael86@example.net,+1-350-814-2940,ec5f4a447101f0d47330516edb4e5613,2022-01-10,0
21,Lee,Obrien,1994-03-25,cruzbarbara@example.com,7607883561,4430a3dd6abd69999299b69d022e793f,2018-06-28,1
22,Jennifer,Evans,1949-03-12,elizabeth56@example.net,682-636-6299x4680,4bf6c629d181407ea1e331a53f146de6,2016-07-29,0
23,Bethany,Pena,1994-03-09,rramos@example.org,272.214.8951x34332,0764349837af5adb7f6fa800b376f8e2,2023-11-15,0
24,Cheryl,Mack,1973-01-17,operry@example.net,567.463.2016,426e6f35d6acb88a3642b9ff3ffe9456,2018-02-10,0
25,April,Williams,1988-01-26,samanthamartinez@example.org,988.995.7986x872,8c8a5492460fbf97840cf63ca38eca03,2011-07-24,1
26,Mary,Ramirez,1957-07-16,rsims@example.com,443-545-5812,2437f7ba1bf88c25539c8ba76272c042,2015-02-10,0
27,Jasmine,Brown,1951-02-10,drivera@example.com,2367690967,eb186d1b569bf8f68c9f6be807b9f596,2011-10-16,0
28,Melissa,Ashley,1967-04-03,vmedina@example.net,+1-937-434-6706x562,21cf894ab3fa00227435dd9154fe78a2,2012-04-07,0
29,Anthony,Long,1977-01-22,millerroy@example.com,(804)665-3755,16b3185429f55d9a10897f8daa9a0e56,2020-03-03,0
30,Robert,Conley,1997-04-29,ismith@example.org,(931)300-3309x232,c1750f794cfd4331404689b4e3bfbf53,2018-03-08,0
31,Steven,Scott,1955-07-19,gary91@example.org,619-304-9663x1931,552da9a5e463353f4a54d4e2a628175b,2017-12-20,0
32,Kimberly,Reed,1979-03-24,estanley@example.net,+1-650-967-1657x2628,bbd3e0d69821824f1435b65fec21c0df,2015-12-28,0
33,Jessica,Adams,1996-11-26,mariahmiller@example.com,479.996.5075,203bd93fc31305bea6974da4f021f79a,2024-07-14,1
34,Jonathan,Ramirez,1995-01-03,angela83@example.org,367.683.7770,1e58053833789be5520a38970f0a64a8,2024-03-29,0
35,John,Beck,1987-10-16,thomas85@example.com,001-485-557-4443x135,31b532d133caedf0ce3e6eb722c5c904,2015-06-29,0
36,Joshua,Lawrence,1973-08-30,tina34@example.org,(924)308-2400x842,ad17e5a624bbb01dc90e21f707036f83,2018-07-06,0
37,Justin,Mendoza,1979-10-12,jack04@example.com,616-371-9022,45e0d06523029361988c42944b6ffc9c,2024-05-09,0
38,Angela,Butler,1948-10-10,kimberlyjames@example.com,496-549-9091x3341,9860c00da5ee17ebb16cbc29bd70b4f8,2014-12-05,0
39,Eric,Ortiz,1945-10-27,ocarter@example.com,001-447-613-4936x183,498a1e647589a616b47ab38b1545ce4c,2011-04-04,0
40,Brian,Sparks,1945-07-28,scott74@example.net,(248)387-7190x6594,535bd5841977df3c752d49d616597854,2010-09-20,0
41,Mary,Johnston,1986-08-07,keyemily@example.com,001-802-978-7429,52ff5af7a27f016e133f82c85c5da8c4,2018-12-31,0
42,Michael,Cook,1972-09-12,hodgemark@example.net,246.980.7154x5168,a6522c598de4979bac799cdf853bd0f3,2014-09-25,0
43,April,Dean,1953-06-24,wgarrett@example.org,548.424.7710,fd48ded432917e368ab7bfc10dd7bce1,2022-09-21,0
44,Andrea,Davis,1941-08-23,murraydavid@example.org,448.346.7737x8263,4c2edf97e6427d06ce2276a89b839998,2017-01-21,0
45,Melissa,Morgan,1994-06-22,lori44@example.net,001-872-978-7558,a0c1b107c816ed75534c5e8b3c9e08de,2021-03-13,0
46,Jacob,Terry,1999-11-22,xhall@example.com,7573662702,bf571a78a40e568e38f5c9338cc8c5e9,2024-06-02,0
47,Cory,Lozano,1970-09-04,bowenrobert@example.net,(817)745-9615,b560332584b4d087657c279d88c26043,2015-12-10,0
48,Katherine,Brennan,2001-02-07,williamsonjimmy@example.net,631-761-1724x0050,470d460908efdcd1860c8bd6a87bdcf4,2022-08-04,0
49,John,Jenkins,1950-08-15,georgemiller@example.com,+1-637-492-3747x407,bfd961d7e017b6096a65f8d664164966,2023-02-10,0
50,Michael,Matthews,2005-01-13,dvaughn@example.com,667.613.6959,37304a43405dd0444050d2b57b76af56,2023-02-02,0
51,Dominique,Hill,1997-03-13,lozanojulie@example.com,001-739-453-3942x104,41cda86def817054ff9a2c0815da6867,2014-12-02,0
52,Mark,Perry,1960-10-18,davidryan@example.com,784.324.7451x71236,ecfe3a9e4cc210bec17f3c1fbf754e78,2013-02-07,0
53,Joseph,Martinez,1941-08-29,emily49@example.com,+1-651-837-0985x9317,82328bfc0d839f0231da3aebde2fd047,2012-01-15,0
54,Sophia,Torres,1943-10-20,pwilson@example.net,(367)958-6926,046d5b375d1a8b0e7e8b917cb8b01eae,2012-06-17,0
55,Stephanie,Johnson,2004-08-13,jeff73@example.com,958-350-6431,997487e56e1f0f580cc42ab488494d07,2013-08-03,0
56,Danielle,Maddox,1984-05-19,buchananjohn@example.org,001-431-283-9335,e12aeb9864b386125b3f7e37cb73c96d,2019-06-21,0
57,Duane,Anderson,2007-09-05,lauren10@example.org,4538950240,8e542295d349af92663e18ec864c9e2b,2018-08-19,0
58,Bryce,West,1991-06-16,william17@example.net,890.884.7007,6885201ad4b26f5eeb4fe0b35d96cbd6,2020-07-01,0
59,Jennifer,Wallace,1974-01-28,morriseddie@example.org,899-385-6984x789,295d819201626d6e1b15030ce2ecfa91,2022-05-30,0
60,Melissa,Curtis,1948-07-01,russellbeasley@example.com,376-361-5654x52711,2e25ded319ba28289010301ed8c10411,2010-04-05,0
61,Joanne,Cain,1991-05-20,willisanna@example.com,+1-416-956-0494x5198,82edcab57372e4bd7c1e723619e1ab94,2012-07-27,0
62,Michael,Hawkins,1948-01-29,farmeraudrey@example.com,+1-699-680-9402,58bd7f7e9582d0f3ea92cd5b4ada80b2,2022-01-16,0
63,Adam,Kane,1964-08-07,vjones@example.net,7186366752,5a9bf5b198f403b41cf9c6e3f19a3aa7,2024-05-17,0
64,Shelly,Carlson,1993-07-30,moorekaren@example.org,+1-814-376-7976x4381,c64e6924e7a2e09e9a3d17fbbe4cda41,2016-08-01,0
65,Brittany,Rose,1986-11-19,brandon69@example.org,2349324451,8dded2511642b34f9aa8a40f2de2b312,2020-03-05,1
66,David,Patel,1952-09-01,vincentwhitaker@example.com,860-860-7159,eda78adb8f72daa84b6ec2bda773ee10,2015-11-28,0
67,Keith,Sullivan,1969-02-19,george97@example.net,(716)513-6968x164,53e1b156b26c754726e5205c0ea12f7e,2014-01-03,0
68,Charles,Schultz,1952-02-26,rebeccabailey@example.net,+1-923-912-4329x2127,db4c6301f70e75772d6b8fc624f84e6d,2012-05-21,0
69,Anne,Reid,2000-09-26,michelle52@example.com,377-644-9058,ef92ecaebd8ce789aa73a186511f137c,2016-09-10,0
70,Brian,Decker,1943-04-10,newmantiffany@example.org,+1-998-467-9807x935,c531885a256ffb82aab74deb20026329,2021-05-21,0
71,Dale,Nolan,1971-05-16,toni18@example.net,(703)777-8892,c6e305a3b7095acafd0a961a1100cd68,2013-06-06,0
72,Riley,Morgan,1967-01-29,mccormickdeborah@example.org,818-464-4925x19254,a8f02bf4810407d1adcce14c0b897391,2013-08-16,0
73,Christopher,Hansen,2004-07-18,lisa81@example.net,+1-468-350-5423x5733,9612673e81e50ff8d7caa9bdc0fe58d9,2021-11-23,0
74,Craig,Wise,1994-05-06,stanleynancy@example.net,(296)822-2927,c4f0250a17f1d1c0eb0e3f0d0e90eb7a,2023-06-08,0
75,John,Wallace,1989-09-06,karen73@example.net,847.835.9774,2947255c8b7ee57d97f84ca66bfeaf2b,2010-06-09,0
76,James,Jacobs,1996-04-20,brett75@example.net,481-841-2478,c5f7acf2f9a769e35d19d124d6f1ab02,2018-02-21,0
77,Jeffrey,Hayes,2002-09-03,sarah60@example.com,653.961.5305x15220,d9c8bbdc11c19453fa1eb30a3b115c0f,2016-11-24,0
78,Katherine,Harrison,1950-02-27,bullockandrew@example.org,(389)286-1434,48ecc54f66adadd22c26db53f607fcd3,2015-05-28,0
79,Laura,Bryant,1984-03-12,copelandvincent@example.net,7895324609,f7f6defee94bb4fbe05700dcdaa97373,2011-10-08,0
80,Elizabeth,Miller,1953-06-17,carlos88@example.net,380.767.0654x05153,6ddcd19beebdd302d83648f1976e5092,2020-11-25,0
81,Amy,Li,1964-09-08,mariacohen@example.net,822.917.0430x3054,c221bdf4c51418ab0012ad1e95bef485,2021-12-12,0
82,Deborah,Mitchell,1991-12-23,glennmartin@example.org,(366)876-5277x584,275e1089b38a5368fa9f72f15906af99,2012-11-17,0
83,Wanda,White,1981-09-17,manuel15@example.net,647-296-2757x0596,4d24f66cfce287d672871aa8188a2658,2022-05-01,0
84,Richard,Palmer,1984-02-05,stephaniethomas@example.net,+1-770-721-3556x9092,db317128cbe545c720fe66525184f36c,2021-11-01,0
85,Audrey,Moreno,1945-12-11,redwards@example.org,602-978-6814,d36047767fa78a80cb8efaeaa7785e42,2019-06-29,0
86,Justin,Hendricks,1982-05-09,igonzalez@example.org,427.715.5188x442,1e0c0413c61ca688b453e0a948c77340,2022-02-04,0
87,Tracie,Conner,1948-12-21,kristyjohnson@example.net,001-857-982-9114,65fd9dfa17662c9cd50779b6ca6da42e,2014-07-06,0
88,Robert,Andrews,1993-01-20,teresaday@example.com,485.628.9226x801,be02e675b98cd429bb3ff484ec734247,2018-12-13,0
89,Sarah,Perez,1962-09-02,meghan43@example.net,+1-442-449-8182,1c5c8bc6ee081eecf15a5bfe82046380,2024-07-29,0
90,Rachel,Morgan,1989-10-02,bryananthony@example.org,+1-594-839-6907x8447,f9c36a08bd737f29844a934c756e8bc4,2021-08-10,0
91,Haley,Moore,1945-09-05,nwashington@example.com,+1-525-955-6258x815,730972696f2ad31efb92509dc002f720,2015-07-24,0
92,John,Davis,1971-04-23,sonia96@example.org,(959)653-2787,5b57ee1fe03c0d30decc0b4c72dd95e2,2017-08-01,1
93,Sierra,Wagner,1946-11-04,jasongomez@example.org,779-274-8016x2456,e29445db82e578aedb8598c06c3aa1b8,2022-06-04,0
94,Anna,Cox,1979-07-10,charles87@example.net,599-812-1655x852,2f814bfd277fb22fb5d6ca4de57c69a4,2014-12-10,1
95,Benjamin,Reeves,1943-10-19,jstone@example.net,925.695.2694x95888,9d39a7e4de2eb636c73667f10a45eee1,2024-02-26,1
96,Micheal,Nunez,1941-11-05,ysilva@example.net,001-809-474-9930x972,03419f740e9d4b6f378cf119cc9b9b6b,2011-07-07,0
97,Anthony,Vaughan,1957-03-12,leescott@example.com,(563)768-9702,8b7b2d487caa74fe94c7021644cb2103,2017-05-30,1
98,Alicia,Edwards,1973-04-07,stevepatel@example.net,(549)973-3484x344,ba9c371c69c27420b56dbd6e61a5d6ab,2015-05-04,0
99,Ann,Michael,1964-06-13,keith98@example.com,(652)640-4157x4733,808cb75a59d18cea67404e796311ec26,2020-11-20,0
100,Joyce,Allen,1982-08-11,santiagoamanda@example.net,401.865.7120,43b4e9ab8076064a80e7bf9b755c2ecd,2012-12-19,0
101,Natalie,Woods,2000-08-22,katelynmitchell@example.com,+1-401-693-8026x2067,fd1832e6d0fd8e35a6681d6b9e1acda5,2022-10-22,0
102,Kenneth,Morrison,1941-05-06,justin88@example.com,(687)443-1527,16985a52f45f49ee08644edf37249efe,2015-06-14,0
103,Krystal,Bradley,1963-08-27,gregorychase@example.com,(585)916-1227x53046,08044bfd89a8c6699542b03cfa7a95e2,2019-02-17,0
104,Mark,Aguilar,2005-08-20,greenmichael@example.org,6177426841,8da0958ca81c7de14cb472ff328cf6b5,2012-03-05,0
105,Susan,Mendoza,1955-08-17,madkins@example.com,(387)283-3918x78519,4412e35c2a0646757e75a4c33b66aa1e,2017-12-12,0
106,William,Armstrong,2002-02-26,franklinbond@example.com,439-871-8707,b0098d9a16f6623d9ae5465829301352,2020-06-22,0
107,Angelica,Chambers,1944-08-23,jennifer64@example.org,001-639-810-6518x017,7c6fdcba67aba60e6adfc6617072a271,2011-03-20,0
108,Katie,Good,1949-12-06,ybrooks@example.com,(261)282-5128x6823,7e50b2bf55e9807d2d6140874b54d766,2024-06-29,0
109,Emily,Stephens,1972-03-22,pmorrow@example.com,(324)231-0690x331,5ec6dade7c65d961cbd7be50d9dca403,2019-01-12,0
110,Jacqueline,Williams,1986-06-12,moralesjimmy@example.org,001-502-884-3959x953,6eb69254adf69042e18f1a7388d99909,2012-06-14,0
111,Angela,Vargas,1944-11-11,conniesimmons@example.com,8564856624,3e876125fdfab70bb6a696d3a9206dcf,2014-04-08,0
112,John,Perez,1972-12-08,lindamelendez@example.net,(568)282-6343x51751,76dd04487a1aef674b61b15cfb9510ae,2013-02-22,0
113,Cassidy,Williams,1986-07-23,lopezkathleen@example.net,+1-583-873-5403x3173,5e49bdcd49f584a5c469a1bb4b1c401a,2016-03-31,0
114,Marc,Campbell,1978-04-14,wferguson@example.com,258-577-1753x556,f3f6a365770309d192a971bf985c56f3,2011-09-10,0
115,Jose,Donovan,1941-10-26,mphillips@example.com,969.937.8547,bad3013977ead87d571594fae13f3ecf,2022-05-06,0
116,Michael,Taylor,1994-10-24,iwhite@example.net,3804100623,48ae9e74df27c9e599e4c01e0505c708,2024-08-17,0
117,Stephen,Brown,1975-02-17,bhopkins@example.org,+1-286-800-8484,f3aadc763e3e3321ee52fefcda2f3630,2010-05-01,0
118,Harry,Hull,2002-08-16,johnharvey@example.com,(246)315-6793x341,df2f8fe13fb04c96711e502c01e97e8a,2015-04-21,0
119,Angela,Brown,1966-05-19,warnerchristopher@example.com,+1-659-218-0339x7401,2fc6a91e6ca989fd35ee9a23aca5ef97,2020-11-22,0
120,Leonard,Ali,1998-08-02,karenmarquez@example.com,842-493-9685,6446ce1113ff089f430d06631eb8e9d6,2018-12-30,0
121,Jennifer,Mason,1987-08-15,brian63@example.org,899-496-5047x73586,695ec3ed06961251cfd4f39b2e257654,2013-09-10,0
122,Norman,Barton,1985-09-03,lauren11@example.com,(662)965-5110,c9ff170e319f385109eebb5ac0eaedf6,2018-10-04,0
123,Curtis,Miller,1959-01-27,jcole@example.net,(810)315-8199x56046,42da6c1ec8eead3a0de9a84b1f6d230d,2020-03-16,0
124,Rebecca,Spence,1978-10-16,ginajackson@example.com,647-521-2646x4715,d84dfee82a67d575ee857525ca3cbef8,2022-06-19,0
125,Brittney,Gonzalez,1974-06-15,tayloradam@example.com,796-457-5692x45937,3a5c051f58d257d0dfdd2eafcff9aa02,2020-11-30,0
126,Luis,Navarro,2006-08-20,yfaulkner@example.org,564-965-1939x82807,f4df109a7cbe3e9990caf9300782666e,2016-08-27,0
127,Heather,Fuentes,1997-04-13,ichambers@example.net,834-226-6179x7968,41fabf3bd1ba140813c5fcb1f78ef6b4,2011-04-25,0
128,Jacqueline,Burnett,1965-03-07,rodriguezjohn@example.net,(529)509-6561x014,2ae4281d4e18c57a9c6f429685c59153,2022-02-28,1
129,Steven,Frazier,1967-05-01,michaeljohnson@example.org,961-312-5457x3875,deeefcff864b96bac130e8afad0909d5,2017-01-13,1
130,Shaun,Jones,1988-02-17,patrickdarin@example.com,+1-812-438-2825x8673,abde84f21e507ebcaa8d0aa4e88dacbb,2023-02-07,0
131,Ryan,Johnson,1985-06-11,shannonjordan@example.org,001-933-341-9182x553,cb1da048f90d33b1f85e5ba0092bf5cc,2021-11-29,0
132,Tracy,Church,1999-06-01,candice96@example.net,355-479-2499,015452faca8f40bb6a60e1cf495bea7e,2021-05-23,0
133,Kevin,White,1956-12-12,williambarnes@example.org,001-966-627-8282,351fb22746432a9115d6d388039b6db4,2014-03-03,1
134,Megan,Harvey,1962-02-13,stephanie72@example.org,(588)676-7677x2190,4dd707c604158a105f1b0de6ea47f404,2011-07-11,0
135,Amanda,Jackson,1956-01-06,xcunningham@example.com,+1-281-991-4858,91ffa5c07faf8a34f7fa53ee210ce79a,2015-04-11,0
136,Ronald,Fitzgerald,2008-01-26,kennethkidd@example.com,451-571-3395x962,ad2e424c91c362fe4e21065b22b66402,2022-10-11,0
137,Brian,Bell,1995-07-11,candice25@example.net,449-748-1260x4223,09198732e5c46b764316b499d4247205,2023-05-03,1
138,Megan,Long,1992-07-13,barbaraadams@example.com,(371)916-8457x7590,a7330f3877a355c5616bfe221f7b8f4d,2011-11-03,0
139,Michael,Brown,1988-03-01,brobinson@example.org,345.945.8929x7500,2ffbfe4f6978e475ceb45f93379e3100,2023-02-03,0
140,Mia,Alexander,2003-12-18,braunronald@example.net,(442)241-5415,4b3966bf12035ccce9e20877a0c19379,2017-02-04,0
141,Jessica,Fischer,1961-07-03,trios@example.org,2372129387,f17d5c8dc93d1ca1a489731046b3ed4c,2014-08-01,0
142,David,Dalton,1996-04-26,timperez@example.org,001-211-455-4262x218,daa3b180e67305ac529714a9e947dffc,2017-01-17,0
143,Jason,Goodman,1989-11-16,cjensen@example.org,412-519-6565,a8c75d9c5b4f340590ec0cb0dfcf56a4,2018-11-17,0
144,John,Burke,1946-06-13,kimberly04@example.org,398.236.4037x61379,e2af0e23ec00f47e8e95166f7a192b69,2024-06-23,0
145,Leslie,Hughes,2004-04-07,rdiaz@example.org,001-871-809-1043x006,81ca19530b592ebde5f09dea5cdbd93d,2017-02-03,0
146,Danielle,Medina,1946-04-28,joshuacollins@example.net,528.256.9146,87221ca7b95da0af8c4581e049bde76a,2011-08-18,1
147,Ryan,Chavez,2003-08-20,parkerjudith@example.net,(610)420-2758,9491f0ac339aafb56454c057b17be92c,2023-12-07,0
148,Kimberly,Adams,1991-09-26,wiseanthony@example.com,481-749-1778x507,00661a8bf3f5449a8d3c19c22fba3d79,2012-03-30,1
149,Dakota,Berry,1993-05-04,perezwilliam@example.org,8305756220,78455fe3f70704bd2ca2b2f52b15d7df,2014-10-13,0
150,Ruth,Flores,1969-01-15,duncandavid@example.net,6237806174,436ece39cb43fe9149450d997feb59e3,2012-12-21,0
151,Alan,Gonzalez,1971-10-18,jodi37@example.com,001-573-783-2060,03604e394dab84d389c9700b0332a8f9,2011-07-18,0
152,Natalie,Tapia,1987-11-27,blakenicholas@example.net,001-541-838-3670x241,93ebb2f9f495cc34e9817e993ef56756,2018-04-16,0
153,Stephen,Adkins,1966-01-23,wagnerdana@example.com,799-806-2344,4cca56c8dd322cd98330605987726f0c,2019-10-30,0
154,Mark,Chavez,1990-10-03,charlesharris@example.net,721-527-7561,f7566036007a38ab82f4227f94bc0451,2016-10-14,0
155,Joseph,Wilson,1972-03-30,lindseytorres@example.net,001-690-635-2135x680,222ed1022abcf643ca4f510117a922dc,2024-09-01,0
156,Anthony,Sullivan,1952-07-18,jhawkins@example.org,571-821-0032,d1c40ec7c92eacfa4f0828a4dda95b94,2024-12-24,0
157,Sharon,Miller,1983-08-10,samantha10@example.org,472.815.1070,2304277dd6636ba8437de748494ff762,2016-09-18,0
158,Tyler,Reyes,1967-08-05,nthompson@example.org,947-220-9993x476,cadcb5cc686f896c7c633108e4f40ce4,2012-04-28,0
159,Derrick,Gonzalez,1966-10-11,crystalpham@example.org,(757)587-5985x6420,8a25176b8e90429d60587230c1ef59ab,2013-01-05,0
160,Kimberly,Brown,1995-11-18,xmoreno@example.net,821.733.4803,884826b32d1cb493d6c3bc73530ea97b,2012-05-26,0
161,Megan,Thompson,2008-03-09,linda59@example.org,001-259-392-9378x427,521326ac6415fccd89b0cb6d41062559,2013-06-27,0
162,Jeffery,Fox,1981-08-28,riverachristina@example.org,325-700-2921x85156,cb32cdd1adc2e4f9ca9184036dab3600,2023-07-26,0
163,Theresa,Oconnor,1949-12-31,fconner@example.net,828-295-3926x44220,8a021a9695b8f133765d32d44bacfa30,2017-09-09,0
164,Samantha,Ponce,1962-05-15,daniellegarcia@example.com,(951)235-5215,9863155abafaa21ebabfe59fceefc1df,2024-03-23,0
165,Heather,Bell,1957-09-11,lebrandon@example.com,001-462-967-6586x179,abe37db2f4c665a239cfd41eeb947d7e,2021-05-03,0
166,Arthur,Smith,1998-04-08,stephanie15@example.org,(821)481-5997x0629,b9dc17bae4762218de73fb27daebadaa,2011-02-21,0
167,Jamie,Lee,1963-03-31,donna43@example.org,8693872050,e6a2686dc2c0734b3cf126790dfecf0c,2019-07-02,0
168,Colleen,Castillo,1985-10-06,johnsongeorge@example.com,871-446-7741,de3e8bc780e5cb26a93a48b264c532ab,2010-12-28,1
169,Mike,Griffin,1966-09-02,scott43@example.com,001-502-211-5869,c38c95e5d19a0546272ca8f8c43e3159,2012-12-07,0
170,Alexandra,Sheppard,1996-05-28,parmstrong@example.com,416-508-9899x2172,e60fb741c9614bb57e7229f1a309956e,2015-11-16,0
171,Brad,Miller,1949-04-20,oharris@example.org,+1-945-211-6868x548,d553aa4b5b5be5fad04afc12abf18e65,2019-11-29,0
172,Briana,Harrington,1983-02-11,perryeddie@example.net,001-611-891-4856,5078200c4b9482855f3c4a7625c01e30,2019-08-05,0
173,Chelsea,Johnson,1979-08-22,richard99@example.net,001-660-665-3074x505,42a09ea3d3a15bedf479334ac85ce2f2,2012-07-05,1
174,Michele,Cohen,1974-03-03,dennismccann@example.com,001-454-369-1373x678,8a7a6dfab0d15d138a97109798758bef,2013-05-06,0
175,Richard,Deleon,1975-03-15,thompsonnancy@example.org,9308705345,a995fed4b5ac9715bfa60984339537c0,2018-04-13,0
176,Erin,Allen,1949-02-21,lwheeler@example.com,001-885-252-4140,34e1c6cdb2104882d06aea2a9ef559a2,2013-04-28,0
177,Kimberly,Lewis,1979-08-28,deborahbyrd@example.com,+1-668-600-7229x0349,b2fbc44c9e741584d4a0f62ad1c17e9a,2010-12-09,0
178,Melissa,Stevens,1966-05-02,stevenbyrd@example.net,(391)708-5899x4417,4587e52b36fd73e49982d4ca3780f9a4,2010-11-23,0
179,Mark,Hill,1984-04-22,jacob83@example.org,+1-565-720-7446x660,d84c023b3f44313261d26c82188aeb80,2014-09-17,0
180,Gina,Little,1955-11-05,qknox@example.com,542.782.4172x48251,05ef9f8ba3f4827cf2f01cf65ab2e4a6,2024-12-16,0
181,Kurt,French,2000-01-06,nathan94@example.com,370-899-9173,15810e9d31d204bdac7e7cd092273656,2022-07-23,0
182,Brian,Dickerson,1968-10-28,victoriacooper@example.net,625.521.7525x007,cfe233c5bedc09591ee63d3f19cacc48,2019-02-12,0
183,Barbara,Moore,1952-03-09,andersonryan@example.com,(267)260-0835x0583,7d6bf887aeace12517021ae18078b554,2013-06-20,0
184,Jeremy,Wiley,1957-08-24,david68@example.net,721-904-4789x8562,a0e39e6ffd9364809590b9e508d7ae50,2015-04-24,0
185,Frederick,Meadows,1953-07-15,osmith@example.net,(830)698-2150,99c076db3f1206b0182f5dd97dd724e3,2013-12-21,0
186,Brandon,Vang,1983-02-13,valdezandrew@example.net,567-261-8472,2902b76768b775cdebfc531532a8cfac,2010-07-23,0
187,Craig,Meyer,1985-09-27,robertroach@example.net,001-791-841-1739x348,43a4c08386fb4baccd63272430a8decb,2017-06-14,0
188,Amy,Lozano,1943-05-25,arivera@example.org,+1-611-997-2181x1437,4841edb14ddc4d9bc3c75b8ef7c82c11,2019-03-27,0
189,Gregg,Williams,1996-01-19,michael56@example.net,610-302-2557,ddfb256ba6f0f4f5f893c1ae1a29865e,2015-07-26,0
190,Ian,Morales,1964-01-14,ynelson@example.net,462.812.0216x9797,702d1983913b2be933139582e68671ce,2012-06-04,0
191,Anthony,Cohen,1982-04-26,timothyfreeman@example.com,301.845.0899x358,ea95e0d0b093cd585ce84d9c20962589,2010-11-14,0
192,Timothy,Alvarado,1957-08-18,jhernandez@example.net,7025877217,ee9224818dd6695c542b6594d85f0c2e,2014-12-28,0
193,Brent,Walker,1959-08-23,ppowell@example.org,879.871.7751x701,cb4a25c391f189305425d91d894248bc,2020-04-28,0
194,Aaron,Davis,1978-01-29,pamela83@example.net,+1-375-350-3758x9975,5b81fe6eec95df104cc0757672060d6f,2015-02-08,0
195,Aaron,Kelly,1955-10-21,amy51@example.org,(372)861-4933,770058828247b1099b772da35111e74d,2024-10-20,0
196,Kimberly,Love,1996-10-28,shermanbrandon@example.net,+1-991-477-9827x0808,499bfbd6e731078ad7bbfa9328cea3ea,2017-05-13,0
197,Jessica,Anderson,1952-07-13,msandoval@example.com,666.793.4654x72269,0c7ebe8b4917aac71cbf1e65f657b961,2011-07-23,0
198,Angela,Robinson,2004-05-17,claudiaroberts@example.com,+1-622-888-5158x7996,12fb0e0f966777b266c8c689ee72bb05,2016-04-05,0
199,Daniel,James,1976-04-14,santiagojames@example.org,542-804-3805x7198,abdf431e28b6b31729b1772ae659f780,2021-06-05,0
200,Laura,Horton,1994-02-01,housepaul@example.net,580-604-3973x59893,045f214727e470b182c4ee654bbd335c,2022-01-10,0
201,Felicia,Lopez,2007-08-21,jillwilson@example.org,(748)242-2940x57202,799c68d7c9700b92e85d2bb45e9eb575,2010-08-15,0
202,Christina,Stanley,1983-04-09,jtyler@example.com,858-832-8182,e09665a65ad7d31163ccde0c2a891162,2015-11-10,0
203,Nicole,Alvarado,1955-10-07,michael39@example.net,380.815.7399x3056,f3313484aa249ec0964e6c86b1252c30,2015-12-15,1
204,Justin,Pruitt,1989-12-24,willie87@example.com,2433581128,cd3ae24c8edfe1300de1a5598ee79da3,2023-05-20,0
205,Kim,Hancock,1983-07-21,nhouston@example.net,001-661-320-7501x102,bb634ef4051e010da64fa70f635f8af2,2017-01-13,0
206,Rhonda,Russell,1956-03-16,bmccoy@example.com,3617809190,e2b59102fde36fe04b37f1062087d6b4,2021-06-21,0
207,Keith,Jennings,1947-12-09,campbellsara@example.com,(207)428-3268x4245,9843f50d8d324319164be9b2edfc76ab,2022-12-07,0
208,Ashley,Long,1941-01-21,torreskaitlin@example.net,(436)282-2239x431,3875f51624e8f16158e22ca6c6e4e510,2010-12-30,0
209,Veronica,Dunn,2004-02-29,robertscarlos@example.org,397.555.2314,c520abd442c803885fcdacb11d990815,2010-01-14,0
210,Mark,Hopkins,1971-05-19,arianadiaz@example.com,(720)653-3645x25777,d9c54823a8f272dd17a17204a620972e,2022-01-28,0
211,Gregory,Obrien,1948-02-14,michele28@example.org,611-908-0996x930,73427f5f50fc404b1bd48102bda604ce,2014-06-03,0
212,Michael,Walker,1950-10-30,dennis88@example.org,(458)903-9282x7229,6308cd80f6f1ac537aab72b645bad35c,2011-07-28,0
213,Jeffery,Freeman,1943-06-19,bakerjim@example.net,385.667.7005,6e276ad1c44c747c8c4971031db378e4,2017-05-28,0
214,Beth,Hudson,1958-08-19,xvaldez@example.net,+1-218-446-3865x5779,3ab5c255286b819919050b14bc855168,2024-11-17,0
215,Chris,Schneider,1956-05-13,edwardmoore@example.net,001-813-265-1777x392,fbfb90a51ccaf973da510cf1f6d86cd4,2016-09-26,0
216,Ashley,Martin,1949-06-01,macdonalddylan@example.org,928-969-9041x379,28358198a9c5275d402c0f90e84650c3,2024-12-16,0
217,Robert,Thomas,1997-03-21,cindydixon@example.org,001-857-499-1366x210,cfe9ec8700b532e57870d4413c4a307f,2019-01-10,0
218,Thomas,Mendez,1952-10-14,richamanda@example.org,772-298-0686,7be9c9c7c48823ee27cc26acc4fce81b,2022-06-08,0
219,Jerome,Lang,1969-11-26,zbell@example.net,001-591-262-4731x498,1476574ca901e8b660c5ba7facfc181d,2019-06-07,0
220,Adrian,Mills,1994-06-08,brooksjamie@example.com,(851)526-9448x69594,7ddce317da5537c5fdf1838ce8ddb77c,2018-07-03,0
221,Angela,White,1994-01-19,tking@example.net,(262)413-7213x865,c7e45cf79c6845632b2e76001df67da2,2013-11-26,0
222,Adam,Davis,1983-12-26,thomasburke@example.org,643-251-9066,4f24107eb41a719168b349c007524197,2016-10-01,0
223,Gregory,Snyder,1996-07-12,harrisdiane@example.net,430-398-8392x0530,5c4b4bdfe10620fbd778c6501385baf3,2010-01-04,0
224,Reginald,Caldwell,1993-10-08,hwillis@example.org,001-911-884-8955x439,fcb0038c5fab2e2c0b640c1f553d60aa,2014-09-18,0
225,Gregory,Hunter,1958-06-25,gordonmatthew@example.org,248.994.7697x35779,5f8abe449b74375d9dbe026da0a77e8c,2023-01-04,0
226,Patrick,Kramer,1945-04-24,ericahall@example.com,(958)780-4341x65182,af9da1fc9904ae9f523860d69360efee,2017-03-24,0
227,Audrey,White,2001-07-28,victorgonzalez@example.net,343.333.3952,2e9b9571f1c7a6f23ea1c3ebc12a38ea,2019-12-02,0
228,Stephanie,Vasquez,1986-09-14,duranamber@example.org,459.257.9472x8463,6e66d1c655cdd0b55050c849750559ee,2021-06-19,0
229,Timothy,Fernandez,1969-07-06,phillip27@example.org,001-687-450-0369x155,afe51f984036e0760a7d964e866c500d,2013-10-22,0
230,Joseph,Mullen,1956-11-07,michael76@example.org,(855)864-7292x93143,b3f990820a696923b769c3b3302f1d83,2016-05-13,0
231,Susan,Hernandez,1995-02-27,thompsonvictor@example.net,685.974.4890x61203,e16c5f4ff838e3184a2e532de585fd92,2024-03-13,0
232,Shannon,Cook,1947-04-08,michael84@example.com,4616593998,24b03fefb07a97ab44f714495184c510,2012-02-05,0
233,William,Hampton,1986-07-11,ypreston@example.net,572-725-6996x1125,30c2da414eed4f0177cf2330a01599f9,2015-04-09,0
234,Jennifer,Jacobs,1960-07-16,cnelson@example.com,001-498-876-2202x341,58e67bdb45b6e4fd568ecd90f4981754,2015-01-15,0
235,Sharon,Kennedy,1945-01-20,johnsonrandy@example.org,649-921-6433,ca4f713305ccc0bbb0de602b41d79dd2,2013-04-22,1
236,Alison,Jackson,1949-08-24,alvaradomichelle@example.com,878.648.7282x9979,6ea5e12793aa26da122663677490bf3a,2015-06-29,0
237,Amber,Ballard,1973-06-28,aparker@example.com,(240)908-2547,2120ab46f15d5363f91dcdc68a3ccc98,2023-09-17,0
238,Kevin,Cannon,1973-03-06,carla08@example.com,568.666.3266,f14227361023bafcd56ab0cd31edaed5,2011-08-20,0
239,John,Duran,1983-04-08,justin84@example.com,612.924.1797,2d0a94d38df654993a1eb28599f994c0,2024-02-16,0
240,Edwin,Booker,1942-01-13,lopezcurtis@example.com,(770)831-2073,7f89ebd58db7de5ffa646bd45be54e97,2018-08-12,0
241,Tyrone,Watson,1995-02-12,riveramegan@example.org,8462187234,c9975432218c248bbfc27c132b74a67a,2015-06-22,0
242,Jennifer,Cruz,1992-12-26,cwright@example.org,318.637.6452x088,459bfd73e4396ef6e76a663f0f2ac850,2010-02-15,0
243,James,Clay,1961-01-18,teresayoung@example.com,702-349-1630x09792,96459183fb993e8ecd292c6119523296,2012-05-23,0
244,Christopher,Montgomery,1974-09-25,browndeanna@example.net,+1-512-273-5857,95ece4ccd2f0f06f7cd5e6a730afdd19,2014-11-28,0
245,Jennifer,King,1965-02-01,washingtonsamuel@example.com,+1-673-492-8557,c2b7c7d8889d232ef18d37be195e2d71,2021-08-14,0
246,Shannon,Weiss,1951-04-07,shawn86@example.net,(809)559-3518,839a5d753c2b84e5860ab9d28e296915,2022-07-03,0
247,Katie,Moore,1974-07-28,marcus51@example.org,910.622.0317x31096,abddf47b9008e710cd241c6d2a0cedf6,2012-09-21,0
248,Catherine,Jones,1955-09-26,dianahebert@example.org,605.386.5094x801,f02fae790482ac05d331d956841d1aac,2020-06-03,0
249,April,Garcia,2006-01-30,amandalopez@example.net,+1-439-828-8619x5761,02f2a3b39e0808fd381ca80637ad0527,2022-07-15,0
250,Eric,Murillo,1985-06-17,umahoney@example.net,956-965-9398x36845,727c2a7fcc280fd4db93bd137ae0008f,2019-12-05,0
251,Jessica,Bird,1940-09-22,holmesvictoria@example.com,4433350488,606b4d5b364f4c5ef826c16aa03f6f34,2021-04-28,0
252,Eric,Baker,1964-11-30,jesseshepherd@example.org,001-369-631-5727,f62ace1a7909e0fa50068717f6109cd5,2022-04-16,0
253,Barbara,Miller,1995-09-21,weeksmatthew@example.com,(713)590-6048x05892,2af39227bcaaf5256e8fe91bbb23b673,2013-07-27,0
254,Jessica,Long,1986-07-22,kmullins@example.net,936-246-2251,730d4aa4e37a2a7d2bf8454e0b73f549,2020-08-24,0
255,Christopher,Shaw,1958-07-31,kathleencastillo@example.org,369.338.9833x1465,da1f2d1b6f8c3ccc47aafddb2d1eb5c0,2015-07-19,0
256,Michael,Lee,1969-07-15,brittney04@example.org,(397)292-7033x521,284c020fe6efb5dfe3d5b1f62bfd1fb2,2016-03-21,0
257,Sara,Melton,1982-12-22,alexander14@example.com,405.238.3388x4879,c08b70d4b72ac4b2d243276c4a7f7d21,2021-09-10,0
258,Elizabeth,Williams,2002-05-15,briangonzalez@example.net,+1-840-570-1645x104,72fe6698bf55dc35d55831c9d4a88c11,2015-05-14,0
259,Tiffany,Garcia,1975-04-27,todd98@example.org,(638)778-0038,535ba5c1922e0ca5bfea36fd45133104,2011-09-27,0
260,Eric,Reed,1991-05-15,michael43@example.net,304-860-8432x562,6d69357a00bbcca1a3d2fbfacd9d1fdf,2015-04-05,0
261,Cheyenne,Garrett,1986-11-07,robertberry@example.com,495-878-2329x8324,4acbd2e8c09ac0fcde22e9aac2531aa1,2017-03-04,0
262,Kayla,Douglas,2007-02-12,lonniegrant@example.net,925-620-5664,ecd182c4f930881380612c176b6545c5,2011-10-23,0
263,Daniel,Lopez,1953-07-03,catherine93@example.net,930.751.7289,71518dfca6353be06b67fe155bcca00b,2015-03-10,0
264,Travis,Taylor,1967-01-30,jeremyortiz@example.org,563-833-1279x757,90860b115276d5a5a8a31141b6dd38b1,2013-06-05,0
265,Cathy,Holloway,1943-07-24,phillip99@example.net,208.517.7038x86086,38f03e09b2667accd32b37fa22ae625c,2011-06-11,0
266,Nicole,Ayala,1967-10-20,steven64@example.net,4828771812,4b87a5a311bd21f341232df2cec310ce,2017-06-03,0
267,Angel,Chavez,1971-05-25,nicoledavis@example.com,001-421-811-7518x689,c41945211eb3b828bff6503f51156b8c,2019-04-30,1
268,Kayla,Barr,1943-09-14,fernandothomas@example.net,5642474212,3de4b0dde4e41ea44b4033c6ec0a3c2f,2019-06-04,0
269,Alexander,Jimenez,1957-12-09,astephens@example.net,633.597.7671x9903,dfbf124187c0b7148227da343be0526b,2023-02-06,0
270,Brian,Bailey,1950-10-20,melissaestrada@example.net,451-901-6224x9998,958ad9e96fea3efe4f76a30e38b705f3,2010-06-10,0
271,Sarah,Davis,1965-03-23,marcus61@example.com,+1-814-572-1458,871b883cfa1701d4cbf55a29257962a2,2022-11-30,0
272,Brian,Duncan,1982-05-13,webbhaley@example.net,969-954-8995x2997,e418a16efea50d9aba3bb41ca032cbae,2010-02-18,0
273,Chelsea,Erickson,2000-11-05,aaronjohnson@example.net,539-266-0558,1ca2cdaa7366f4ccc9a1d221b764323f,2016-09-12,0
274,Juan,Tyler,1987-09-02,kevin85@example.org,755-769-9023,32385c4da0fd9732e08f205b907150b0,2019-05-26,0
275,Sabrina,Robles,1973-04-26,timothyburton@example.net,776-308-4958x80395,c44101107eeac40ea9f57833abfd72cf,2022-04-01,0
276,Mary,Morgan,1959-10-19,ksims@example.net,+1-562-791-4504x617,90e7bbe278a5e1ad8b6f52d5ed1a5bb3,2014-12-12,0
277,Kevin,Warren,2005-05-30,danielglover@example.org,978-607-8235,8ef4cadb11cb887ebda24a74c7a91ff8,2016-02-14,0
278,Kayla,Garcia,1950-06-19,jamiejohnson@example.com,001-681-204-0915x701,06f075b58d47a1e53c193d80a1b7b714,2010-08-26,0
279,Danielle,Clark,1961-12-15,jameshill@example.com,001-771-742-2410x988,bf0d5ada6879999d30bb4f3c22798788,2019-01-26,0
280,Janet,Campbell,2004-11-26,georgecollins@example.com,+1-270-320-7016,c626b359d78e20615c139286a612e2ba,2020-06-25,0
281,Janet,Vance,1952-11-22,tjensen@example.com,981.679.2171,a056164c5314627e085dafece181119a,2023-12-16,0
282,Katie,Ruiz,1989-01-16,douglashuang@example.com,(962)955-7701x715,a346f4a6045c48e905203cc808e1e8bc,2018-11-02,0
283,Katrina,Munoz,1959-12-03,williamsullivan@example.net,858-514-8769,daac294800414ece701501c5cc5fc6ad,2024-11-14,1
284,Erik,Olson,1978-01-01,petersonlisa@example.net,(769)358-3219x71997,d63e68c827c056c1f33d4bb7292e01ba,2024-06-01,0
285,Kyle,Sullivan,1952-09-13,jenningscandace@example.com,970-513-2902x27846,04325fa3ba44c1db2455ce94231714a2,2020-05-10,0
286,Leslie,Hudson,2000-06-03,samantha65@example.org,001-209-286-2405,eeed2adb335105cf05cc5ef4c98e0755,2015-11-02,0
287,Tiffany,Rodriguez,1996-07-25,michelle36@example.net,001-465-966-6683,dbee9b71d6a260e8dd7763393e5da93e,2014-09-30,0
288,Patrick,Middleton,1978-07-06,qmoore@example.org,(401)802-7621,f2bdceadbdc31534b1b7200183967a8a,2017-07-27,0
289,Kristina,Munoz,2001-07-10,dhanson@example.net,(687)865-3269x09738,d7c4737fba86a7b5a59012e803e287be,2018-07-03,0
290,Michael,Good,1979-12-08,hbush@example.net,312.684.7818x9137,d092cd6d4db7aa2976cbd40441d12481,2019-06-16,0
291,Matthew,Osborne,2002-03-15,egibson@example.net,001-956-454-4209x494,5759bf96ee90c83790391816b6549a68,2011-11-02,0
292,Veronica,Lamb,1985-05-17,mitchellchristopher@example.net,344-429-4440,fa17926647c0c9e70a7bb0f6f828fe84,2022-02-05,1
293,Edward,Griffin,1991-01-01,josehaynes@example.com,(880)851-2927,a52ca022de4979972f871f3414624f52,2017-11-06,0
294,Jessica,Jackson,1970-09-01,brian41@example.org,(876)974-7836,0605dcdcd44cde8bb33daa8d23019af9,2011-07-17,0
295,Monica,Smith,1976-10-23,ureyes@example.net,+1-801-985-6945x4414,226a889b154d95983f5dfb2b83f14d02,2024-08-14,1
296,John,Powers,1991-09-09,aprilbyrd@example.org,680-501-0618x17534,9f39f81bbddb87650601673c8a43392d,2010-09-12,0
297,Christopher,Mays,1982-11-12,stephanielittle@example.net,619-626-9212,1b4702aca015630683254b8045d6f952,2014-06-22,0
298,Charles,Chavez,2004-06-02,kayla54@example.org,001-514-806-6504x427,7a06adc97e380532d4d124d2f5df666f,2023-12-08,0
299,Daniel,Fernandez,1974-03-14,probinson@example.org,241.201.1947x072,1676b5a3613683c88b68773e37388b31,2012-10-31,0
300,Edward,Rivera,1958-11-05,gandrews@example.net,001-777-766-1830x671,ecec8565ab978a1afa731d7d0640ad71,2012-07-26,0
301,Brian,Shea,1967-12-23,diazmelissa@example.com,674-832-8063,d61408b46e84bcc2f0f6c9b899dc853c,2014-11-21,0
302,Haley,Tucker,1983-08-18,imoss@example.org,909.937.6184,0732a2ba224878b124b2c38ba1ec657b,2015-10-01,0
303,Benjamin,Brown,1941-10-31,sullivanjason@example.net,+1-287-582-9310x2707,f1cb645d685e6075c33c7d39161730d4,2013-10-06,0
304,Alexis,Chen,1949-08-06,lori17@example.net,(391)511-7993,f40264b78d9621232d6ed70e24d71861,2012-07-27,0
305,Mary,Rojas,1995-12-09,rnguyen@example.net,+1-325-630-9251,ac6c93d090e99ee36fba7f67664f00cd,2013-09-03,0
306,Gary,Wood,1968-12-18,samuelfrost@example.org,(219)462-0710,5f02ad9f2a182ae4aa687d8cd3f4c767,2012-06-04,0
307,Denise,Eaton,1988-10-22,ysteele@example.com,001-423-924-8763x290,4bf213f908c65b0669a03e47b0a94d43,2016-12-30,0
308,Courtney,Patton,1946-09-14,robert83@example.org,581-695-8837,dca80d5b5bb60f7c7eded70e3a324c33,2018-06-02,0
309,Laura,Jennings,1948-05-19,kjimenez@example.net,9052436459,40d1195a5e28b41bd276e76d0197d2bc,2014-06-13,1
310,Sara,Thompson,1944-04-13,washingtondarren@example.org,001-579-895-6353x153,cf4e9a6511d508fab5a1650ed89b2444,2024-01-26,0
311,Patricia,Jones,1966-04-08,bbrown@example.org,797.626.5273,328d94e83f8e2f3bc770fa1764b10465,2016-10-06,0
312,Antonio,Carroll,1949-05-15,derek77@example.com,(553)349-2929,28ec541d242a060b52cd99451fd86cc8,2023-06-20,0
313,Tracy,Forbes,1976-03-21,rhood@example.org,001-263-235-6939x290,27e9aacea46fd0c90fe01d287311da74,2022-09-11,0
314,Kayla,Johnson,1990-08-17,zmendoza@example.net,477-731-8063,b28e059359c07f6bbd0714d6e1aec99d,2017-10-15,0
315,Yolanda,Smith,1984-10-14,evan79@example.net,001-207-372-6257,ee6534e06095dca62d93899628c8dc99,2024-11-02,0
316,Mason,Johnson,1987-09-20,smullins@example.net,+1-293-319-5085,b9d057a3f9487bcc5bbc979351e546eb,2021-05-07,0
317,Christine,Diaz,1972-05-19,deborahbush@example.net,001-732-653-8179x335,557cf0a33d9e585b5068748928c21427,2010-04-14,0
318,Joshua,Brown,1969-06-29,shaun88@example.org,488.647.9513x7116,e8ad062c2fccbe38aae4fa7b2a0084da,2020-12-29,0
319,Daniel,Hill,1945-12-13,tylergolden@example.net,+1-304-268-2756x7043,fc169d5eddc202524fcfb224a4879119,2018-02-15,0
320,Mary,Stone,1956-07-10,robert55@example.com,001-488-677-4924,1ab49ba10de126425d5e0bba3bc35391,2020-04-24,0
321,Tara,Carrillo,1966-01-08,hernandezjustin@example.org,+1-428-942-2223x105,7bb38a5181b3785af59f920c77529f1f,2019-10-08,0
322,Jamie,Mann,1953-04-08,tiffany25@example.com,+1-928-741-0672,3a4e0ab2d27eeed4aa516e37acfd3812,2021-09-14,0
323,Joanna,Cantrell,2006-09-25,deborah47@example.com,001-892-597-5170x281,4f2404d7bdbd84cb847259b3f8a6e73f,2016-01-22,0
324,Mark,Franklin,1947-01-03,brandywalker@example.com,901.787.1863,a6bec8323d56785904ba082733145537,2022-01-26,0
325,Sherry,Kerr,1975-07-11,raymond65@example.com,(904)655-4781x376,0bf0f1da5ca55ebad727cfc7278b973e,2020-06-05,0
326,Tara,Coleman,1990-04-03,ltaylor@example.net,823-347-8519,0d7405d677e04a727369b8920548a541,2023-04-16,0
327,Robin,Perry,1984-03-08,wpage@example.org,626.948.7049,3160acf0e64e56c7ba9e4008b9ac0445,2015-07-05,0
328,Jeffrey,Moody,1972-04-02,joseblanchard@example.net,714.962.7301x4719,24c1cd3f689eaf67d984093cfa8ad9d4,2011-12-11,0
329,Jonathan,Jennings,1999-10-21,brooksjessica@example.org,729-802-5725x204,8c8edd47f06db86e946dcfd54d025c20,2020-02-10,0
330,Michael,Roberts,2005-09-17,palmerkatie@example.org,001-419-228-5544x518,aa83d4f543cd47b73442ec25d343a726,2020-06-03,0
331,Nathan,Washington,1959-11-12,samantha21@example.org,(383)838-9888,55e956affe3ce0909ddff41279336a3f,2024-12-26,0
332,Darryl,Anderson,1945-11-29,mendozalarry@example.com,(579)485-2401,c3d9db8ce1292d0b72101e5bd960a45f,2010-08-24,0
333,Hailey,Parker,1950-05-27,davidmiller@example.net,001-311-607-6031x089,7edc6f94ae42e25898224c7a5633730c,2017-04-16,0
334,Elizabeth,Webster,1961-03-29,morajamie@example.org,(450)512-4955,e6e4f65d2fb76e5eb57f06811ba793c7,2014-10-04,0
335,Cory,Lane,1945-05-13,ricejennifer@example.com,(480)913-8759,818c32cb5c6bddf877681d04bd1df87e,2015-10-18,0
336,Henry,Kelly,1948-01-07,gcoleman@example.org,(715)917-1827x54801,c7a2dccb8f594eefbec221b3ff134951,2023-05-16,0
337,Stephen,Fitzgerald,1960-01-06,aperez@example.com,(431)875-2071x67811,45b0e269e8f56cc63945e2c52786c490,2016-03-13,0
338,Tiffany,Figueroa,1980-11-25,calvinhester@example.com,696.813.6749,03178826091ba9311a92473f22adcb40,2021-08-03,0
339,Carrie,Sullivan,1986-01-30,jdixon@example.com,214-377-3201,16c705bbc0a2ec210af3b89ce1e81ba2,2011-12-03,0
340,Teresa,Reyes,1942-07-14,eric99@example.org,001-218-277-3477x848,14b91ea64fdaeaf6a06c8b5e756cdefd,2019-02-12,0
341,Robin,Reyes,2000-08-09,melissa77@example.org,8289427624,26d88b829bd6b9728b3dc79fe69d5842,2015-05-23,0
342,Emily,Keller,1979-06-04,kalvarez@example.net,7642796954,f41f8677ca19f2109783c485422589b3,2024-06-27,0
343,David,Richardson,1943-10-14,hubbardcolleen@example.com,565-656-5033,660c5630aa9595dfd7e7c4749d986a67,2020-01-20,0
344,Hailey,Melton,2002-08-31,morganandrew@example.com,2767986407,585d1c861b36ac8756a7853cd4583131,2012-02-02,0
345,Marcus,Davis,1967-04-10,rgarcia@example.org,678-652-9456x37183,e184c000063958d4ddd098a6de7a0aaf,2019-01-26,0
346,Ashley,Ballard,2008-07-04,robbinsbelinda@example.net,741-598-7635x14846,46ec9a3b6e78858a88347537ef5a5ff3,2016-11-13,0
347,Colleen,Chavez,1957-10-24,nicoleburton@example.net,(297)537-4896,ff2257b7f900aef7980c73f870822803,2018-04-12,0
348,John,Francis,1950-10-08,megan65@example.org,+1-536-244-2493x6312,a68481dbbd68efef17b83639fd17c6c6,2021-11-28,0
349,Lance,Washington,1997-01-02,chenderson@example.org,(942)204-4820,e22b971f1713d6548f242de15f40093b,2022-05-06,0
350,Christopher,Guzman,2001-09-20,lesterrichard@example.com,+1-316-523-1981x8984,a2ec2a7458f5d040d35b51187d014c6c,2020-03-06,0
351,Lindsay,Murphy,1993-04-30,vshaffer@example.org,(732)312-3476x49078,33eb377d946708518ad3af31746b4370,2015-08-22,0
352,Thomas,Sanchez,1969-07-21,natasha25@example.com,001-754-309-0034x864,8426c8f3d945860b579273dcfb217d99,2014-04-27,0
353,Mia,Price,1956-10-19,qpennington@example.com,634-332-7560,c85df3e76a193b721ad44c8caad353c4,2022-01-07,0
354,Travis,Mclaughlin,2004-09-18,jennifer12@example.net,981-456-9857x002,363214b0ea47f5c8ed2167f2b6b5aebd,2014-02-25,0
355,Courtney,Edwards,1954-04-30,rodriguezjohn@example.net,001-329-865-7724x295,a3161a0b688e089793874be51364ed18,2020-11-10,0
356,Nancy,Duffy,1967-06-29,andrewjohnson@example.net,+1-693-417-3420x6969,88f24f4e828f7851d681d29a62955806,2023-03-23,0
357,George,Bradley,1965-10-01,higginsryan@example.com,+1-571-633-3447x6263,4b2361905dea5ed65ea519fea2485ff9,2021-10-07,0
358,Robert,Ortiz,1953-08-07,anthonycherry@example.org,+1-573-859-7107x256,49c1f44b8fabb3c5f64de329a2b6e8fe,2012-04-03,0
359,Carla,Jones,1990-10-21,williamssarah@example.com,(499)200-4896x465,074281a062264c4ff491b96a36d7a2ec,2016-08-23,0
360,Geoffrey,Vasquez,1958-06-05,natalie21@example.com,001-886-624-1502x745,6347ab3ffd6b85d614671401a9e5f016,2014-01-09,0
361,Chloe,Juarez,1958-08-17,zachary62@example.com,001-672-487-0320x320,81d6b110654a303fdd2c1893df597f3c,2021-12-24,0
362,Darren,Woodard,1970-05-31,wwilliams@example.net,+1-577-671-2151,4fd9286a94fc34a5c257c8d8051375cf,2011-01-08,0
363,Karen,Carson,1952-03-01,brandybonilla@example.net,001-392-761-3715x041,28e65bf34f8dd37b7e22a825837ec8ed,2022-05-31,0
364,Steve,Zimmerman,1946-03-25,rgibson@example.net,+1-305-809-7592x3045,ea6bcaed51a7b3410d0fdda50761e39d,2012-10-31,0
365,Gregory,Hanna,1958-01-29,ndavis@example.org,(764)521-4764x9251,0b1c06f1f6b31e284dcabe571e8ea4ed,2021-01-04,0
366,Paul,Adams,2000-12-19,bdavis@example.com,+1-326-661-0857x327,0f62cbad7721af3d017749e936ee6c46,2010-04-11,0
367,Rebecca,Woods,1946-02-07,traceysutton@example.com,386.849.0810,d2b2c14f721f5062ad749abbd75a3a00,2020-07-12,0
368,Donna,Carroll,1972-05-02,michael91@example.net,6177226016,f90429ebff6dd6e715f91a5d3c238c5c,2017-08-23,0
369,Katherine,Cole,1971-09-05,matthew23@example.org,394-216-8006,e856643d35a26acd15e5f88441ec7aa3,2011-02-25,0
370,Steve,Sullivan,1973-03-07,nturner@example.com,001-564-912-2031x030,15262f74296593cdd8138720f28ca88a,2020-09-18,0
371,John,Wilkinson,1984-12-05,christophercarrillo@example.org,560.612.2777x0793,25f96247c158b072d10ea515486d8854,2011-06-20,0
372,Peter,Cook,1997-06-16,mccoyjennifer@example.com,599.284.0767x8997,3bff85af403b5c18098d4b014e64f6ce,2011-08-30,0
373,Barbara,Tran,1969-06-06,patricia67@example.org,595.776.0243x7573,95438afe2d87dd225118b0a2440a8ca6,2011-03-16,0
374,Megan,Sandoval,1998-10-16,nicolesharp@example.com,(957)329-3417x22329,d317ee0c712ca99eae9ea49a3e9f22d6,2022-08-16,0
375,Victoria,Torres,2004-11-20,angelakidd@example.com,352-528-0156x193,7ba9a6c780a53667ad41832586dae787,2011-11-29,0
376,Matthew,Kelly,2008-05-01,carrilloangela@example.org,001-289-310-7711x991,7daccdfb5f259bc5572f4b40013943f8,2012-08-28,0
377,Monica,Bartlett,1948-09-30,jessicaerickson@example.net,712.655.2137x6037,8e09e91b7445cafad681019a91cb7f81,2019-05-03,0
378,Joseph,Espinoza,1946-07-07,qward@example.org,(786)232-6667,1332cdeb02a77176514cdf1c0f2170cb,2023-11-15,0
379,Alejandro,Drake,1993-02-14,millerleroy@example.org,(706)202-9084x66845,4d9132e6dbcd09364dab658a5098e5e0,2021-09-20,0
380,Allison,Knapp,2001-12-21,ngriffin@example.net,+1-497-656-3410x856,b5d96ad5c900e84ce7c01abfb24c45e1,2019-12-06,0
381,Andrea,Boyd,1975-07-14,andrewzamora@example.net,001-643-746-8105,b3624bdb25b129f1d4e47c864684d878,2023-03-15,0
382,Debra,Martinez,1992-03-13,ashley07@example.com,499.889.3544,c4cb750472dfcf025ed3fe77a3561ccb,2016-11-06,0
383,Daniel,Black,1957-07-25,mackenzieward@example.org,(566)911-0627,ada78a212d022065f69f2f9d41d1fa70,2011-05-09,0
384,Alicia,Chapman,1986-10-09,lwiggins@example.com,+1-367-576-2282x7728,b567d883c3b537f28c18add16c45f5a5,2012-03-23,0
385,Julie,Raymond,1942-12-07,sandra19@example.com,715-694-0821,40190365fb8c8730c03749f583f73267,2014-08-30,0
386,Kelly,Johnson,1961-05-08,douglaslawrence@example.org,643-927-0185x1067,afae20f676a2a3ecc8e490d12fca2b89,2015-12-08,0
387,Nicholas,Davenport,1993-11-19,kathleenwagner@example.com,001-277-925-1996x636,842d55958c0d1476c64ca690381a3e1e,2013-07-10,0
388,Christopher,Martin,1984-09-01,armstronglaura@example.net,981-281-3989x0983,4caa5ac9f6a1119a73eb9abb517bd628,2022-05-19,1
389,Amanda,Rivers,2004-06-02,kristin39@example.com,789-856-9070,9edca754de93bd7637f52c5f35955999,2010-01-22,0
390,Michele,Stewart,1942-05-08,christopher18@example.org,222-241-2462x0952,d5965bd211f1f4c06fdebd25dd66dc9d,2023-04-27,0
391,Luke,Gutierrez,1947-06-08,jonathan10@example.org,699.237.8861,8e4ab51e715ca7eaf86f91d93e30d1f2,2010-09-25,0
392,Richard,Washington,1978-05-09,bschultz@example.com,+1-991-338-2496,2a1c5e652b811f96b769be186b0171f2,2016-05-05,0
393,James,Faulkner,1974-10-08,amber23@example.net,(687)800-7942x00749,cd61496c2e9d3438ca43c7359008e3df,2020-03-08,1
394,Crystal,Richards,1998-01-15,brandon89@example.org,616-912-8463x9855,7d406512a736446af542200027a11588,2015-03-28,0
395,Tonya,Peterson,1985-10-12,vhaley@example.org,001-320-397-0026x876,38f66757aae079834dcc01f5142198c3,2024-01-08,0
396,Marilyn,Powers,2001-06-15,gomezlisa@example.net,(662)701-7537x030,7cf0d9ab6815bac1a683c376856c15e7,2014-06-09,0
397,Christina,Turner,1996-04-05,jimsnyder@example.com,6479930361,6dc89715deb25a48842103a3cddfe726,2022-03-20,0
398,Donna,Knight,1953-11-25,cameronanderson@example.org,(649)938-4308,e83ccd35d2dbb48bad11a7883cf4635e,2013-05-05,0
399,Danielle,Hahn,1969-10-11,nashmarcus@example.com,918-777-5803x046,7dad476f488b323e1d6c5f9d3173086b,2013-03-11,1
400,Matthew,Beard,1953-12-16,mooneyjeremiah@example.net,(713)632-5411x07609,30a3fb6ca50c84711416c52f06f17d15,2013-09-21,0
