transfer_id,from_account_id,to_account_id,amount,initiated_at,completed_at,status,debit_transaction_id,credit_transaction_id
1,3,261,3950.35,2024-03-29T19:41:16,,failed,6301,
2,161,444,4033.74,2025-01-17T14:53:58,2025-01-17T14:58:58,completed,6302,6303
3,48,335,1325.07,2023-03-26T12:12:50,2023-03-26T12:14:50,completed,6304,6305
4,423,88,2905.9,2023-01-08T22:22:23,,pending,6306,
5,105,402,3981.88,2024-09-30T15:27:05,2024-09-30T15:31:05,completed,6307,6308
6,61,282,1312.94,2025-07-31T03:49:00,2025-07-31T03:52:00,completed,6309,6310
7,129,127,5567.87,2025-01-28T05:13:49,2025-01-28T05:14:49,completed,6311,6312
8,406,245,5866.3,2025-01-20T14:35:36,2025-01-20T14:37:36,completed,6313,6314
9,534,62,2424.67,2025-03-06T10:11:26,2025-03-06T10:13:26,completed,6315,6316
10,376,479,470.21,2022-11-07T22:50:26,,pending,6317,
11,123,319,7164.97,2024-11-09T21:00:16,2024-11-09T21:00:16,completed,6318,6319
12,156,497,1786.39,2023-08-11T11:03:45,2023-08-11T11:06:45,completed,6320,6321
13,193,370,1745.32,2025-08-17T16:18:54,2025-08-17T16:19:54,completed,6322,6323
14,219,401,1138.48,2024-12-03T16:09:58,2024-12-03T16:14:58,completed,6324,6325
15,59,476,989.54,2023-10-14T15:38:42,2023-10-14T15:42:42,completed,6326,6327
16,304,252,2608.13,2025-05-23T11:57:56,2025-05-23T11:57:56,completed,6328,6329
17,235,306,3731.68,2023-10-21T19:19:14,2023-10-21T19:22:14,completed,6330,6331
18,471,484,5144.48,2024-07-23T02:42:23,2024-07-23T02:45:23,completed,6332,6333
19,202,228,7875.62,2025-08-27T23:03:51,,pending,6334,
20,142,490,7542.71,2022-10-19T20:29:05,2022-10-19T20:31:05,completed,6335,6336
21,410,284,6651.41,2024-09-22T22:46:04,2024-09-22T22:47:04,completed,6337,6338
22,432,343,449.38,2023-03-02T07:07:43,2023-03-02T07:10:43,completed,6339,6340
23,264,9,60.84,2024-10-31T07:42:10,2024-10-31T07:43:10,completed,6341,6342
24,111,172,1776.13,2025-04-07T00:56:33,2025-04-07T00:56:33,completed,6343,6344
25,516,352,4494.24,2022-05-07T12:48:55,2022-05-07T12:49:55,completed,6345,6346
26,236,375,1615.57,2024-02-20T16:55:23,2024-02-20T17:00:23,completed,6347,6348
27,140,266,622.98,2025-12-02T17:27:50,2025-12-02T17:28:50,completed,6349,6350
28,442,301,6666.57,2023-02-10T00:46:24,2023-02-10T00:50:24,completed,6351,6352
29,99,464,2662.41,2023-10-15T10:41:19,2023-10-15T10:41:19,completed,6353,6354
30,300,501,3075.87,2025-07-24T13:14:37,2025-07-24T13:19:37,completed,6355,6356
31,446,358,1128.63,2023-11-13T05:25:12,2023-11-13T05:27:12,completed,6357,6358
32,206,281,1068.88,2022-03-01T14:22:28,2022-03-01T14:25:28,completed,6359,6360
33,75,252,23.56,2022-02-05T13:41:00,2022-02-05T13:44:00,completed,6361,6362
34,451,504,1556.2,2024-12-27T17:17:09,2024-12-27T17:20:09,completed,6363,6364
35,203,64,3077.19,2025-10-14T04:56:39,2025-10-14T05:01:39,completed,6365,6366
36,384,301,5317.2,2024-11-24T02:10:35,2024-11-24T02:14:35,completed,6367,6368
37,190,277,1698.7,2025-01-09T01:56:00,2025-01-09T01:56:00,completed,6369,6370
38,174,415,7341.79,2022-03-09T06:21:57,,pending,6371,
39,186,330,5115.77,2025-07-13T22:35:22,,pending,6372,
40,322,524,7733.26,2022-03-21T02:12:08,2022-03-21T02:15:08,completed,6373,6374
41,221,263,3851.63,2025-07-03T15:41:18,2025-07-03T15:44:18,completed,6375,6376
42,369,217,7133.8,2022-07-17T05:44:42,2022-07-17T05:46:42,completed,6377,6378
43,176,461,4802.64,2025-05-17T06:24:25,2025-05-17T06:28:25,completed,6379,6380
44,6,119,5044.34,2022-04-23T07:47:05,,failed,6381,
45,258,515,7274.46,2022-03-01T09:05:50,2022-03-01T09:10:50,completed,6382,6383
46,451,391,7776.73,2022-02-07T14:32:04,2022-02-07T14:34:04,completed,6384,6385
47,467,236,1753.08,2024-12-20T02:19:42,2024-12-20T02:24:42,completed,6386,6387
48,462,206,7869.97,2025-12-31T06:22:59,2025-12-31T06:24:59,completed,6388,6389
49,375,152,2038.92,2023-12-15T23:30:28,2023-12-15T23:32:28,completed,6390,6391
50,325,222,7428.04,2022-02-21T18:52:59,,failed,6392,
51,146,167,3494.4,2024-02-16T11:41:33,2024-02-16T11:46:33,completed,6393,6394
52,242,516,914.97,2023-07-04T09:49:38,2023-07-04T09:53:38,completed,6395,6396
53,356,348,3608.79,2022-08-22T16:43:03,2022-08-22T16:44:03,completed,6397,6398
54,484,323,5187.82,2022-12-10T04:11:46,2022-12-10T04:15:46,completed,6399,6400
55,223,343,5193.08,2023-07-11T13:03:00,2023-07-11T13:03:00,completed,6401,6402
56,300,91,6361.13,2022-04-06T08:53:35,,failed,6403,
57,390,519,4641.19,2023-12-04T14:04:43,2023-12-04T14:06:43,completed,6404,6405
58,504,186,4036.2,2024-03-22T07:00:34,2024-03-22T07:05:34,completed,6406,6407
59,84,444,3607.67,2023-05-13T20:38:30,2023-05-13T20:43:30,completed,6408,6409
60,390,217,3847.92,2025-10-14T14:11:30,2025-10-14T14:11:30,completed,6410,6411
61,300,32,4170.17,2022-02-28T20:31:02,2022-02-28T20:34:02,completed,6412,6413
62,414,455,2726.48,2022-06-12T21:42:57,2022-06-12T21:43:57,completed,6414,6415
63,497,452,4635.64,2025-02-20T16:50:21,2025-02-20T16:54:21,completed,6416,6417
64,444,93,4889.98,2025-11-03T16:05:49,2025-11-03T16:10:49,completed,6418,6419
65,147,525,1950.95,2024-07-19T19:26:44,2024-07-19T19:31:44,completed,6420,6421
66,10,504,4594.9,2025-03-11T15:01:39,,pending,6422,
67,163,108,2171.2,2025-01-31T02:43:34,2025-01-31T02:46:34,completed,6423,6424
68,53,97,3955.36,2023-08-05T00:15:39,,pending,6425,
69,189,191,1978.63,2022-12-21T21:41:05,,pending,6426,
70,327,309,1743.82,2022-03-10T00:52:29,2022-03-10T00:56:29,completed,6427,6428
71,144,215,3376.55,2025-11-26T14:49:38,2025-11-26T14:51:38,completed,6429,6430
72,444,346,3470.12,2023-06-09T19:11:09,2023-06-09T19:13:09,completed,6431,6432
73,179,112,3862.35,2024-01-11T23:17:47,2024-01-11T23:19:47,completed,6433,6434
74,444,102,7639.82,2024-06-19T03:58:15,2024-06-19T03:58:15,completed,6435,6436
75,340,199,3309.89,2024-06-01T02:28:31,2024-06-01T02:29:31,completed,6437,6438
76,336,211,7738.82,2025-09-05T18:38:03,2025-09-05T18:42:03,completed,6439,6440
77,361,299,5154.93,2024-03-11T19:24:09,2024-03-11T19:24:09,completed,6441,6442
78,332,53,7419.57,2024-06-26T07:56:27,,pending,6443,
79,364,403,646.88,2024-11-18T20:54:28,2024-11-18T20:54:28,completed,6444,6445
80,491,266,4897.89,2025-10-29T02:48:54,2025-10-29T02:50:54,completed,6446,6447
81,203,30,7755.41,2023-12-28T18:39:55,,pending,6448,
82,197,410,6877.25,2023-04-13T10:47:01,2023-04-13T10:52:01,completed,6449,6450
83,117,162,6035.56,2025-04-05T11:00:40,2025-04-05T11:04:40,completed,6451,6452
84,432,400,639.26,2025-05-29T03:46:44,2025-05-29T03:48:44,completed,6453,6454
85,201,539,421.86,2023-12-13T00:19:50,2023-12-13T00:23:50,completed,6455,6456
86,328,120,7668.54,2022-04-22T07:41:24,2022-04-22T07:43:24,completed,6457,6458
87,225,212,3019.44,2024-05-17T09:15:27,2024-05-17T09:16:27,completed,6459,6460
88,3,458,2967.23,2023-07-31T04:54:20,2023-07-31T04:56:20,completed,6461,6462
89,250,136,6226.72,2023-07-29T02:20:43,2023-07-29T02:20:43,completed,6463,6464
90,465,148,4421.75,2024-06-06T00:01:31,2024-06-06T00:05:31,completed,6465,6466
91,332,18,5179.26,2022-08-31T17:56:00,,pending,6467,
92,340,82,7955.41,2024-01-29T03:44:52,2024-01-29T03:45:52,completed,6468,6469
93,87,292,2539.7,2023-09-30T03:05:40,2023-09-30T03:06:40,completed,6470,6471
94,141,540,1184.81,2024-10-30T11:29:45,2024-10-30T11:30:45,completed,6472,6473
95,40,463,5662.23,2022-08-28T19:49:40,2022-08-28T19:51:40,completed,6474,6475
96,136,523,6726.33,2025-08-12T22:53:43,,failed,6476,
97,151,349,2613.75,2024-11-26T02:44:48,,failed,6477,
98,427,389,3274.49,2022-06-22T17:59:35,2022-06-22T18:04:35,completed,6478,6479
99,469,159,2207.51,2024-01-26T19:23:57,2024-01-26T19:24:57,completed,6480,6481
100,139,108,6873.12,2024-01-27T12:43:12,2024-01-27T12:48:12,completed,6482,6483
101,268,29,2154.18,2025-10-28T13:32:51,,pending,6484,
102,497,467,2608.75,2024-06-14T05:24:39,2024-06-14T05:29:39,completed,6485,6486
103,166,149,3657.41,2022-01-09T12:51:37,,failed,6487,
104,416,458,2537.24,2023-11-20T20:33:15,2023-11-20T20:33:15,completed,6488,6489
105,546,108,1335.04,2023-07-03T17:38:15,2023-07-03T17:41:15,completed,6490,6491
106,299,343,738.36,2022-08-28T17:27:20,2022-08-28T17:27:20,completed,6492,6493
107,479,442,7376.67,2025-02-07T23:42:03,2025-02-07T23:45:03,completed,6494,6495
108,421,113,1813.91,2023-02-17T00:46:15,2023-02-17T00:47:15,completed,6496,6497
109,181,88,1525.51,2023-11-26T00:25:16,2023-11-26T00:30:16,completed,6498,6499
110,26,384,4268.75,2024-04-07T00:43:04,2024-04-07T00:48:04,completed,6500,6501
111,93,243,5510.53,2022-04-13T23:21:29,2022-04-13T23:21:29,completed,6502,6503
112,371,228,1611.38,2022-10-15T11:05:13,2022-10-15T11:08:13,completed,6504,6505
113,220,462,2791.82,2024-06-08T17:09:44,2024-06-08T17:12:44,completed,6506,6507
114,203,124,1041.57,2024-07-05T06:14:56,2024-07-05T06:15:56,completed,6508,6509
115,256,9,6197.67,2022-12-16T13:21:38,2022-12-16T13:23:38,completed,6510,6511
116,22,242,6644.38,2023-02-16T01:03:06,2023-02-16T01:07:06,completed,6512,6513
117,73,486,3916.99,2025-10-07T04:00:51,,pending,6514,
118,11,194,6926.45,2022-12-21T16:57:14,2022-12-21T16:57:14,completed,6515,6516
119,193,474,2349.2,2022-11-11T22:50:48,2022-11-11T22:53:48,completed,6517,6518
120,296,434,5243.58,2025-07-25T09:31:44,,pending,6519,
121,253,44,6446.13,2022-10-21T00:26:06,2022-10-21T00:27:06,completed,6520,6521
122,283,440,5112.44,2024-04-07T20:56:42,2024-04-07T20:58:42,completed,6522,6523
123,219,118,1497.23,2022-03-06T12:32:04,2022-03-06T12:37:04,completed,6524,6525
124,520,486,4223.02,2022-08-20T20:40:57,2022-08-20T20:41:57,completed,6526,6527
125,352,182,3916.32,2024-05-23T20:06:08,2024-05-23T20:11:08,completed,6528,6529
126,429,98,2307.85,2022-12-21T08:20:35,2022-12-21T08:22:35,completed,6530,6531
127,345,524,1473.86,2022-05-09T06:56:44,2022-05-09T06:57:44,completed,6532,6533
128,478,204,1844.39,2022-02-14T14:28:13,2022-02-14T14:29:13,completed,6534,6535
129,318,512,2178.6,2023-07-23T12:19:00,2023-07-23T12:21:00,completed,6536,6537
130,364,315,5556.61,2022-09-20T03:10:19,,failed,6538,
131,533,218,2671.85,2025-07-31T19:40:16,2025-07-31T19:40:16,completed,6539,6540
132,423,14,7207.11,2025-07-04T03:57:17,2025-07-04T04:00:17,completed,6541,6542
133,508,438,4742.51,2022-08-18T04:14:22,2022-08-18T04:18:22,completed,6543,6544
134,108,30,90.35,2023-01-20T06:06:25,,pending,6545,
135,381,10,3165.98,2022-03-11T15:56:00,,failed,6546,
136,538,400,3602.38,2025-10-27T18:21:05,2025-10-27T18:21:05,completed,6547,6548
137,412,383,5586.69,2024-01-10T10:47:58,2024-01-10T10:52:58,completed,6549,6550
138,454,360,2444.1,2023-07-18T17:07:40,2023-07-18T17:12:40,completed,6551,6552
139,449,90,7800.65,2022-12-05T23:05:22,2022-12-05T23:09:22,completed,6553,6554
140,439,184,3649.89,2024-01-10T08:41:39,,failed,6555,
141,60,301,440.18,2024-05-28T23:51:18,2024-05-28T23:51:18,completed,6556,6557
142,12,147,3782.03,2022-01-01T08:39:13,2022-01-01T08:42:13,completed,6558,6559
143,280,105,812.27,2024-09-02T20:16:18,2024-09-02T20:16:18,completed,6560,6561
144,247,390,689.68,2022-03-25T14:20:36,2022-03-25T14:20:36,completed,6562,6563
145,58,24,534.89,2022-10-22T23:57:54,,failed,6564,
146,220,451,320.86,2023-12-17T23:26:11,2023-12-17T23:30:11,completed,6565,6566
147,238,373,3240.78,2025-07-21T01:19:14,2025-07-21T01:24:14,completed,6567,6568
148,355,55,464.52,2023-07-17T02:14:04,2023-07-17T02:19:04,completed,6569,6570
149,476,122,1219.18,2023-12-26T01:07:08,2023-12-26T01:08:08,completed,6571,6572
150,495,83,5827.64,2022-11-07T00:38:03,2022-11-07T00:41:03,completed,6573,6574
151,395,122,1119.3,2024-03-31T07:04:54,2024-03-31T07:07:54,completed,6575,6576
152,487,104,7847.12,2024-08-22T22:04:26,2024-08-22T22:08:26,completed,6577,6578
153,134,81,2175.31,2025-08-24T12:29:47,2025-08-24T12:31:47,completed,6579,6580
154,37,173,7354.99,2022-09-08T21:22:33,2022-09-08T21:27:33,completed,6581,6582
155,387,74,5899.81,2023-05-04T09:56:28,2023-05-04T10:01:28,completed,6583,6584
156,96,200,6863.05,2025-03-24T17:52:34,2025-03-24T17:55:34,completed,6585,6586
157,302,258,7842.77,2025-04-13T11:58:38,2025-04-13T12:02:38,completed,6587,6588
158,437,173,3249.48,2025-11-15T18:07:54,2025-11-15T18:11:54,completed,6589,6590
159,400,200,4549.68,2022-05-22T15:38:11,2022-05-22T15:43:11,completed,6591,6592
160,513,521,1877.06,2022-02-06T21:11:42,2022-02-06T21:14:42,completed,6593,6594
161,168,419,1698.25,2022-03-01T16:51:24,2022-03-01T16:52:24,completed,6595,6596
162,131,117,124.88,2024-12-12T14:15:30,2024-12-12T14:16:30,completed,6597,6598
163,301,317,6257.87,2023-10-15T13:19:32,2023-10-15T13:23:32,completed,6599,6600
164,261,59,3157.63,2024-06-15T18:14:02,2024-06-15T18:18:02,completed,6601,6602
165,400,317,1867.15,2025-02-03T14:49:12,2025-02-03T14:52:12,completed,6603,6604
166,165,168,2285.79,2024-04-03T08:17:08,2024-04-03T08:18:08,completed,6605,6606
167,228,103,7390.25,2025-07-10T06:57:00,,pending,6607,
168,2,7,5110.76,2022-05-13T05:47:39,2022-05-13T05:50:39,completed,6608,6609
169,194,338,6348.66,2023-09-02T19:22:12,2023-09-02T19:22:12,completed,6610,6611
170,241,361,1283.21,2022-03-18T06:43:40,2022-03-18T06:46:40,completed,6612,6613
171,79,231,3054.72,2022-10-15T12:14:36,2022-10-15T12:16:36,completed,6614,6615
172,191,302,4360.52,2022-11-03T01:00:35,2022-11-03T01:00:35,completed,6616,6617
173,230,381,6982.17,2024-04-26T04:52:10,2024-04-26T04:56:10,completed,6618,6619
174,95,18,4391.13,2022-03-29T01:02:46,,failed,6620,
175,101,500,3133.69,2024-08-17T19:18:07,2024-08-17T19:18:07,completed,6621,6622
176,193,104,4702.06,2022-06-19T02:07:47,2022-06-19T02:11:47,completed,6623,6624
177,500,145,1233.8,2023-04-25T16:21:21,2023-04-25T16:24:21,completed,6625,6626
178,519,267,3717.96,2024-02-17T15:20:55,,failed,6627,
179,398,204,2247.11,2024-08-14T00:37:17,,failed,6628,
180,306,183,3961.81,2022-04-17T15:25:26,2022-04-17T15:25:26,completed,6629,6630
181,51,387,983.09,2022-12-07T01:32:50,2022-12-07T01:32:50,completed,6631,6632
182,142,146,1191.91,2025-12-27T07:46:34,2025-12-27T07:49:34,completed,6633,6634
183,213,548,5837.48,2022-10-09T18:46:04,2022-10-09T18:46:04,completed,6635,6636
184,146,142,1948.71,2022-08-11T16:08:19,2022-08-11T16:13:19,completed,6637,6638
185,100,293,5895.94,2024-04-22T11:15:18,2024-04-22T11:16:18,completed,6639,6640
186,403,396,3974.4,2025-10-20T06:06:27,2025-10-20T06:08:27,completed,6641,6642
187,29,315,1516.7,2023-06-26T09:15:04,2023-06-26T09:20:04,completed,6643,6644
188,373,266,1094.6,2025-04-04T14:58:09,2025-04-04T15:03:09,completed,6645,6646
189,506,24,6558.38,2022-12-19T16:16:22,2022-12-19T16:16:22,completed,6647,6648
190,365,542,3639.47,2024-07-21T19:05:42,,failed,6649,
191,269,109,5557.56,2023-01-22T19:33:53,2023-01-22T19:33:53,completed,6650,6651
192,7,528,3161.75,2023-09-13T08:40:58,2023-09-13T08:41:58,completed,6652,6653
193,541,337,434.73,2025-04-26T17:04:33,2025-04-26T17:07:33,completed,6654,6655
194,426,278,5159.41,2023-03-10T07:46:29,2023-03-10T07:50:29,completed,6656,6657
195,482,269,6365.85,2023-04-16T07:12:19,2023-04-16T07:12:19,completed,6658,6659
196,128,518,1431.47,2025-07-28T23:57:23,2025-07-28T23:59:23,completed,6660,6661
197,547,410,5910.42,2023-05-28T00:50:09,2023-05-28T00:52:09,completed,6662,6663
198,514,246,482.84,2022-11-04T20:09:00,2022-11-04T20:12:00,completed,6664,6665
199,174,539,3588.49,2025-09-25T07:41:39,,pending,6666,
200,195,359,4467.09,2024-03-10T04:07:15,2024-03-10T04:12:15,completed,6667,6668
201,277,82,7134.87,2025-02-21T01:46:30,2025-02-21T01:50:30,completed,6669,6670
202,52,548,3150.34,2024-02-06T18:33:22,,failed,6671,
203,73,505,6212.07,2022-12-31T06:18:41,2022-12-31T06:19:41,completed,6672,6673
204,517,448,947.84,2023-10-16T20:20:26,2023-10-16T20:21:26,completed,6674,6675
205,265,173,3214.64,2022-03-07T20:40:40,2022-03-07T20:44:40,completed,6676,6677
206,301,226,2114.61,2024-02-07T05:01:49,2024-02-07T05:04:49,completed,6678,6679
207,1,352,2304.64,2022-05-30T21:08:18,2022-05-30T21:12:18,completed,6680,6681
208,296,217,441.95,2025-11-08T21:54:21,2025-11-08T21:59:21,completed,6682,6683
209,197,334,1545.16,2023-01-27T05:16:19,,failed,6684,
210,155,349,5289.56,2025-05-01T14:35:24,2025-05-01T14:36:24,completed,6685,6686
211,416,8,453.87,2023-06-06T04:47:10,,pending,6687,
212,171,378,3093.91,2023-07-18T12:45:46,2023-07-18T12:45:46,completed,6688,6689
213,406,403,5744.14,2024-04-14T07:00:15,,failed,6690,
214,508,154,932.19,2022-07-26T13:10:44,2022-07-26T13:12:44,completed,6691,6692
215,175,69,3326.29,2025-10-12T18:24:04,2025-10-12T18:27:04,completed,6693,6694
216,42,3,7742.02,2022-01-16T20:19:03,2022-01-16T20:20:03,completed,6695,6696
217,197,444,5430.22,2025-10-23T13:24:25,2025-10-23T13:24:25,completed,6697,6698
218,520,346,5551.79,2025-01-30T16:54:44,2025-01-30T16:54:44,completed,6699,6700
219,47,213,2650.69,2023-11-04T17:17:22,2023-11-04T17:20:22,completed,6701,6702
220,492,242,2294.07,2024-08-11T09:00:16,2024-08-11T09:04:16,completed,6703,6704
221,142,116,1124.95,2022-09-04T07:53:52,2022-09-04T07:57:52,completed,6705,6706
222,505,29,6385.39,2023-02-26T04:53:55,2023-02-26T04:53:55,completed,6707,6708
223,272,431,4144.7,2025-03-10T19:03:03,2025-03-10T19:07:03,completed,6709,6710
224,443,334,3456.52,2023-02-07T06:47:17,,failed,6711,
225,380,514,5448.11,2022-03-29T23:44:30,2022-03-29T23:47:30,completed,6712,6713
226,336,176,2371.19,2024-05-23T19:14:52,2024-05-23T19:14:52,completed,6714,6715
227,155,8,73.26,2023-10-25T05:37:21,2023-10-25T05:38:21,completed,6716,6717
228,401,165,2370.25,2025-10-12T10:34:27,2025-10-12T10:37:27,completed,6718,6719
229,390,77,6419.32,2023-08-26T00:00:06,,failed,6720,
230,513,526,30.35,2023-08-19T07:19:07,2023-08-19T07:21:07,completed,6721,6722
231,367,193,6880.09,2024-11-27T00:25:29,2024-11-27T00:26:29,completed,6723,6724
232,306,207,1871.84,2022-01-26T12:36:20,2022-01-26T12:41:20,completed,6725,6726
233,163,170,1801.67,2022-02-10T02:11:58,,pending,6727,
234,322,66,1011.92,2023-03-26T07:30:51,2023-03-26T07:34:51,completed,6728,6729
235,61,36,1684.78,2022-11-19T05:17:40,2022-11-19T05:21:40,completed,6730,6731
236,219,100,3163.33,2023-04-29T23:44:50,2023-04-29T23:44:50,completed,6732,6733
237,515,20,7549.01,2022-07-01T08:30:49,2022-07-01T08:34:49,completed,6734,6735
238,317,66,7823.54,2022-10-10T07:22:32,2022-10-10T07:26:32,completed,6736,6737
239,6,203,596.43,2023-06-12T06:33:30,2023-06-12T06:36:30,completed,6738,6739
240,407,211,886.37,2022-03-05T04:29:34,2022-03-05T04:29:34,completed,6740,6741
241,151,195,1713.35,2022-12-12T18:28:19,2022-12-12T18:29:19,completed,6742,6743
242,358,355,142.63,2025-08-26T13:09:48,2025-08-26T13:10:48,completed,6744,6745
243,37,274,5019.88,2024-10-01T13:13:14,2024-10-01T13:13:14,completed,6746,6747
244,173,26,2541.6,2023-07-25T08:58:45,2023-07-25T09:02:45,completed,6748,6749
245,533,286,1061.15,2024-10-10T17:35:23,2024-10-10T17:35:23,completed,6750,6751
246,131,462,6090.55,2025-03-15T15:34:49,2025-03-15T15:34:49,completed,6752,6753
247,410,498,7955.22,2024-12-03T11:47:01,2024-12-03T11:47:01,completed,6754,6755
248,536,1,7038.44,2025-06-10T14:03:05,2025-06-10T14:05:05,completed,6756,6757
249,30,36,7968.85,2022-11-28T23:51:28,2022-11-28T23:54:28,completed,6758,6759
250,308,75,1291.67,2025-11-26T16:09:56,2025-11-26T16:11:56,completed,6760,6761
251,186,236,1336.09,2025-11-22T06:02:37,,failed,6762,
252,472,58,5600.19,2025-12-21T05:24:35,2025-12-21T05:24:35,completed,6763,6764
253,241,206,2148.13,2023-01-31T14:16:45,2023-01-31T14:21:45,completed,6765,6766
254,152,140,1574.57,2025-04-15T16:56:11,2025-04-15T16:59:11,completed,6767,6768
255,436,147,4922.27,2023-01-21T18:30:40,2023-01-21T18:31:40,completed,6769,6770
256,188,450,4573.02,2023-08-28T23:27:10,2023-08-28T23:30:10,completed,6771,6772
257,352,157,1350.15,2024-09-09T10:33:32,,pending,6773,
258,463,125,2270.53,2025-11-09T12:21:15,2025-11-09T12:23:15,completed,6774,6775
259,475,481,436.59,2022-09-14T16:34:18,2022-09-14T16:36:18,completed,6776,6777
260,441,369,3468.69,2025-03-12T22:19:34,2025-03-12T22:24:34,completed,6778,6779
261,491,135,7251.12,2022-05-08T17:39:46,2022-05-08T17:42:46,completed,6780,6781
262,110,156,5657.51,2022-02-14T15:21:30,2022-02-14T15:26:30,completed,6782,6783
263,159,435,3412.83,2022-09-04T15:03:05,2022-09-04T15:04:05,completed,6784,6785
264,356,230,250.11,2023-06-13T20:54:27,2023-06-13T20:55:27,completed,6786,6787
265,457,530,1386.49,2022-02-16T14:20:14,2022-02-16T14:24:14,completed,6788,6789
266,278,523,1355.75,2024-10-19T02:48:49,2024-10-19T02:52:49,completed,6790,6791
267,130,65,1850.74,2025-01-27T11:06:24,2025-01-27T11:10:24,completed,6792,6793
268,271,236,2292.51,2023-02-01T09:23:52,,pending,6794,
269,52,105,6945.49,2024-08-27T10:43:44,2024-08-27T10:44:44,completed,6795,6796
270,485,291,7083.07,2025-06-28T21:41:46,2025-06-28T21:43:46,completed,6797,6798
271,327,372,6195.34,2022-02-24T18:23:09,2022-02-24T18:23:09,completed,6799,6800
272,247,3,6589.11,2025-12-22T11:26:15,2025-12-22T11:31:15,completed,6801,6802
273,244,549,6918.33,2022-11-11T17:46:32,2022-11-11T17:50:32,completed,6803,6804
274,484,375,2437.24,2023-12-11T10:01:59,2023-12-11T10:03:59,completed,6805,6806
275,498,29,6270.35,2024-10-31T01:57:24,2024-10-31T02:00:24,completed,6807,6808
276,184,287,5671.52,2025-05-22T22:14:39,2025-05-22T22:18:39,completed,6809,6810
277,138,8,2642.52,2025-05-15T01:19:25,2025-05-15T01:21:25,completed,6811,6812
278,46,519,7724.74,2025-03-27T09:50:00,2025-03-27T09:52:00,completed,6813,6814
279,506,274,7238.26,2024-09-27T19:49:47,2024-09-27T19:53:47,completed,6815,6816
280,155,431,4086.18,2024-05-20T04:18:20,,pending,6817,
281,532,199,586.95,2023-08-30T01:36:07,2023-08-30T01:36:07,completed,6818,6819
282,277,495,1407.04,2022-03-12T07:49:57,2022-03-12T07:51:57,completed,6820,6821
283,273,249,2573.08,2023-04-16T13:08:09,2023-04-16T13:11:09,completed,6822,6823
284,333,56,3497.86,2024-09-08T20:44:39,2024-09-08T20:49:39,completed,6824,6825
285,352,378,2112.25,2022-04-05T08:07:45,2022-04-05T08:09:45,completed,6826,6827
286,369,520,5978.4,2024-03-28T05:12:36,2024-03-28T05:15:36,completed,6828,6829
287,506,454,2464.8,2023-06-09T21:54:40,2023-06-09T21:56:40,completed,6830,6831
288,386,452,580.95,2025-09-03T00:04:59,2025-09-03T00:05:59,completed,6832,6833
289,495,216,2800.78,2025-07-18T19:52:00,2025-07-18T19:54:00,completed,6834,6835
290,233,395,4696.21,2024-02-27T09:22:36,2024-02-27T09:22:36,completed,6836,6837
291,5,309,248.13,2024-07-05T14:52:44,,failed,6838,
292,470,383,1118.4,2022-03-07T00:14:19,2022-03-07T00:16:19,completed,6839,6840
293,68,115,2522.94,2025-05-29T18:10:25,2025-05-29T18:14:25,completed,6841,6842
294,257,98,155.31,2025-01-09T12:52:30,2025-01-09T12:57:30,completed,6843,6844
295,224,19,2671.28,2025-09-15T20:16:27,2025-09-15T20:21:27,completed,6845,6846
296,509,539,3538.05,2023-08-27T20:52:46,2023-08-27T20:56:46,completed,6847,6848
297,321,88,4522.34,2022-10-29T18:35:55,,pending,6849,
298,195,191,3672.75,2022-06-09T03:40:10,2022-06-09T03:45:10,completed,6850,6851
299,532,241,4078.04,2025-11-27T08:07:26,2025-11-27T08:10:26,completed,6852,6853
300,424,453,46.09,2024-06-02T07:10:36,2024-06-02T07:13:36,completed,6854,6855
301,338,273,4660.22,2022-09-10T18:31:45,2022-09-10T18:32:45,completed,6856,6857
302,511,101,6713.24,2022-09-05T20:54:40,2022-09-05T20:55:40,completed,6858,6859
303,248,20,2418.85,2024-05-09T14:49:33,2024-05-09T14:53:33,completed,6860,6861
304,344,214,3877.53,2025-02-09T07:33:40,2025-02-09T07:37:40,completed,6862,6863
305,411,181,1917.91,2023-08-28T20:00:41,2023-08-28T20:00:41,completed,6864,6865
306,389,263,5671.1,2024-05-19T20:28:06,2024-05-19T20:33:06,completed,6866,6867
307,154,545,3336.22,2023-09-11T17:08:39,2023-09-11T17:12:39,completed,6868,6869
308,263,232,1063.53,2025-11-19T14:48:06,,pending,6870,
309,80,327,7193.25,2023-03-01T23:22:46,2023-03-01T23:24:46,completed,6871,6872
310,116,63,1446.06,2022-03-17T11:44:57,2022-03-17T11:46:57,completed,6873,6874
311,528,134,3965.4,2025-06-14T19:04:17,2025-06-14T19:09:17,completed,6875,6876
312,424,60,2792.53,2023-05-05T16:01:18,2023-05-05T16:03:18,completed,6877,6878
313,374,186,6646.51,2022-11-02T13:20:17,2022-11-02T13:23:17,completed,6879,6880
314,502,183,3271.57,2025-01-26T16:57:14,2025-01-26T16:59:14,completed,6881,6882
315,540,10,4587.76,2025-06-16T13:15:00,2025-06-16T13:18:00,completed,6883,6884
316,485,371,2576.99,2025-09-05T06:28:59,2025-09-05T06:30:59,completed,6885,6886
317,497,526,4648.63,2022-08-22T07:14:39,2022-08-22T07:16:39,completed,6887,6888
318,446,167,7870.75,2024-04-04T18:06:07,2024-04-04T18:06:07,completed,6889,6890
319,427,550,1725.15,2024-01-20T16:44:30,2024-01-20T16:45:30,completed,6891,6892
320,109,447,600.27,2025-05-31T17:44:27,,pending,6893,
321,53,382,6814.9,2023-05-25T15:26:28,,failed,6894,
322,261,85,2567.33,2022-01-21T12:05:57,2022-01-21T12:10:57,completed,6895,6896
323,344,147,7972.11,2024-04-07T01:20:28,2024-04-07T01:22:28,completed,6897,6898
324,128,182,520.78,2023-08-24T16:58:47,2023-08-24T17:00:47,completed,6899,6900
325,348,501,5589.84,2023-10-28T12:02:22,2023-10-28T12:05:22,completed,6901,6902
326,248,478,3520.4,2022-06-21T03:32:34,,pending,6903,
327,259,167,7988.52,2023-10-15T03:11:23,2023-10-15T03:12:23,completed,6904,6905
328,9,411,5117.2,2025-03-28T08:43:47,2025-03-28T08:46:47,completed,6906,6907
329,107,294,5216.03,2025-11-10T05:56:07,2025-11-10T05:57:07,completed,6908,6909
330,43,174,521.62,2022-04-30T23:08:41,,failed,6910,
331,514,253,5717.93,2024-11-16T13:12:43,,pending,6911,
332,382,326,7147.22,2025-10-24T20:31:47,2025-10-24T20:36:47,completed,6912,6913
333,465,184,7417.18,2025-12-22T10:58:18,2025-12-22T10:59:18,completed,6914,6915
334,332,180,786.19,2022-06-14T23:07:51,2022-06-14T23:10:51,completed,6916,6917
335,451,195,6881.43,2024-03-21T12:23:17,2024-03-21T12:28:17,completed,6918,6919
336,538,35,352.49,2023-07-25T06:32:25,2023-07-25T06:35:25,completed,6920,6921
337,536,293,687.73,2024-05-30T23:01:20,2024-05-30T23:01:20,completed,6922,6923
338,2,370,4503.41,2023-07-21T16:49:05,2023-07-21T16:54:05,completed,6924,6925
339,354,429,6149.12,2024-04-27T10:26:25,2024-04-27T10:26:25,completed,6926,6927
340,10,168,7444.65,2023-06-07T06:29:13,2023-06-07T06:32:13,completed,6928,6929
341,430,514,3700.17,2022-09-13T23:43:45,2022-09-13T23:48:45,completed,6930,6931
342,408,269,7718.38,2022-02-17T22:54:25,2022-02-17T22:59:25,completed,6932,6933
343,73,33,2156.34,2022-12-25T16:03:04,2022-12-25T16:05:04,completed,6934,6935
344,357,312,3467.38,2024-03-31T12:11:27,2024-03-31T12:15:27,completed,6936,6937
345,492,205,7507.47,2022-01-12T03:11:13,2022-01-12T03:15:13,completed,6938,6939
346,373,405,3110.71,2024-03-25T18:30:38,2024-03-25T18:31:38,completed,6940,6941
347,400,22,3282.86,2025-03-18T12:41:08,,pending,6942,
348,495,441,2787.8,2024-10-29T16:25:42,2024-10-29T16:25:42,completed,6943,6944
349,173,360,7115.19,2025-08-04T22:05:59,2025-08-04T22:09:59,completed,6945,6946
350,512,488,1392.89,2024-10-11T01:36:56,,pending,6947,
351,272,70,3046.13,2025-02-09T09:03:56,2025-02-09T09:05:56,completed,6948,6949
352,495,196,6547.42,2023-05-02T11:26:05,2023-05-02T11:31:05,completed,6950,6951
353,43,442,1154.52,2025-08-06T17:12:49,2025-08-06T17:15:49,completed,6952,6953
354,326,116,878.83,2024-10-30T00:46:14,2024-10-30T00:47:14,completed,6954,6955
355,478,377,6029.82,2025-04-15T04:27:07,,failed,6956,
356,159,437,2109.84,2022-05-04T08:02:28,2022-05-04T08:07:28,completed,6957,6958
357,26,435,1543.05,2023-05-20T03:21:42,2023-05-20T03:24:42,completed,6959,6960
358,175,428,2181.38,2022-12-13T00:43:28,2022-12-13T00:43:28,completed,6961,6962
359,201,531,3696.35,2022-08-31T05:53:50,,pending,6963,
360,27,535,1876.02,2024-07-27T23:07:45,2024-07-27T23:12:45,completed,6964,6965
361,309,514,7946.4,2024-07-13T03:12:19,,failed,6966,
362,37,546,6206.67,2025-03-08T14:58:22,2025-03-08T14:58:22,completed,6967,6968
363,216,295,5003.44,2024-02-06T11:09:09,2024-02-06T11:12:09,completed,6969,6970
364,445,335,51.59,2022-03-25T23:29:17,2022-03-25T23:31:17,completed,6971,6972
365,161,190,1826.06,2023-07-27T14:05:56,,failed,6973,
366,57,350,3703.76,2023-06-03T03:49:28,2023-06-03T03:54:28,completed,6974,6975
367,182,88,5187.49,2023-08-10T09:02:37,2023-08-10T09:02:37,completed,6976,6977
368,528,142,3265.61,2025-05-28T19:32:38,2025-05-28T19:33:38,completed,6978,6979
369,418,99,2301.31,2024-11-22T14:04:00,,failed,6980,
370,349,400,1497.85,2022-06-07T09:25:22,2022-06-07T09:30:22,completed,6981,6982
371,190,403,6957.85,2025-06-25T12:15:04,2025-06-25T12:20:04,completed,6983,6984
372,126,535,701.9,2022-02-27T23:24:07,2022-02-27T23:27:07,completed,6985,6986
373,518,245,7048.78,2022-11-25T06:44:49,2022-11-25T06:47:49,completed,6987,6988
374,436,44,379.54,2025-10-05T16:31:48,2025-10-05T16:35:48,completed,6989,6990
375,315,365,7278.99,2022-07-21T03:01:09,,failed,6991,
376,6,212,3222.5,2024-10-25T08:00:51,2024-10-25T08:00:51,completed,6992,6993
377,245,523,7281.07,2024-06-21T14:49:15,2024-06-21T14:52:15,completed,6994,6995
378,450,71,610.98,2023-03-19T05:52:28,2023-03-19T05:54:28,completed,6996,6997
379,191,77,270.62,2024-05-18T05:26:05,2024-05-18T05:29:05,completed,6998,6999
380,151,290,172.05,2025-10-06T19:53:10,2025-10-06T19:54:10,completed,7000,7001
381,412,167,2362.08,2025-06-13T20:34:50,2025-06-13T20:35:50,completed,7002,7003
382,314,325,6591.03,2022-04-24T13:38:48,2022-04-24T13:39:48,completed,7004,7005
383,49,222,1673.98,2025-10-17T10:19:07,2025-10-17T10:23:07,completed,7006,7007
384,364,32,6898.35,2024-07-29T18:31:48,2024-07-29T18:33:48,completed,7008,7009
385,109,371,7044.24,2024-10-13T10:07:16,2024-10-13T10:09:16,completed,7010,7011
386,261,311,6177.88,2025-07-29T06:31:25,2025-07-29T06:31:25,completed,7012,7013
387,421,486,3664.75,2023-05-06T06:00:24,2023-05-06T06:03:24,completed,7014,7015
388,187,95,1135.88,2022-07-16T06:29:05,2022-07-16T06:30:05,completed,7016,7017
389,160,275,4502.89,2025-07-04T23:44:12,2025-07-04T23:44:12,completed,7018,7019
390,38,476,567.27,2024-05-30T23:36:55,2024-05-30T23:36:55,completed,7020,7021
391,450,522,3394.87,2022-07-07T20:45:50,2022-07-07T20:50:50,completed,7022,7023
392,209,96,2276.05,2024-05-23T00:07:03,2024-05-23T00:10:03,completed,7024,7025
393,374,199,608.51,2023-10-02T20:15:00,2023-10-02T20:18:00,completed,7026,7027
394,66,112,329.49,2023-11-12T16:12:33,2023-11-12T16:15:33,completed,7028,7029
395,469,147,4373.57,2024-11-21T18:31:50,2024-11-21T18:36:50,completed,7030,7031
396,377,340,772.63,2022-10-02T23:46:10,2022-10-02T23:50:10,completed,7032,7033
397,285,536,5508.01,2024-10-01T01:46:44,2024-10-01T01:49:44,completed,7034,7035
398,464,302,5123.53,2023-07-06T16:18:44,2023-07-06T16:18:44,completed,7036,7037
399,204,388,5321.76,2024-03-03T12:11:03,2024-03-03T12:16:03,completed,7038,7039
400,18,274,1343.64,2025-01-23T14:57:28,2025-01-23T14:57:28,completed,7040,7041
401,192,474,7103.85,2022-05-23T12:07:12,,failed,7042,
402,395,515,4308.5,2025-02-16T03:52:55,2025-02-16T03:52:55,completed,7043,7044
403,118,454,4096.83,2023-10-28T13:24:21,2023-10-28T13:24:21,completed,7045,7046
404,462,90,5055.86,2022-11-21T01:32:59,2022-11-21T01:37:59,completed,7047,7048
405,179,291,920.51,2022-11-06T10:18:36,2022-11-06T10:23:36,completed,7049,7050
406,212,246,7716.07,2025-01-02T11:49:43,2025-01-02T11:49:43,completed,7051,7052
407,59,550,3929.61,2024-07-26T13:30:18,2024-07-26T13:30:18,completed,7053,7054
408,267,509,6674.56,2022-10-24T11:54:51,2022-10-24T11:55:51,completed,7055,7056
409,484,62,6398.9,2025-05-21T03:05:07,2025-05-21T03:06:07,completed,7057,7058
410,488,490,7211.95,2023-08-04T13:56:11,2023-08-04T13:59:11,completed,7059,7060
411,108,395,5287.92,2023-01-12T22:50:47,2023-01-12T22:54:47,completed,7061,7062
412,424,503,3564.25,2024-01-24T21:52:51,2024-01-24T21:56:51,completed,7063,7064
413,368,261,136.75,2025-09-14T03:19:36,2025-09-14T03:19:36,completed,7065,7066
414,103,445,1276.85,2024-01-16T04:59:38,2024-01-16T05:04:38,completed,7067,7068
415,153,231,6333.69,2025-10-01T03:19:59,2025-10-01T03:21:59,completed,7069,7070
416,399,459,868.76,2023-12-19T13:05:09,2023-12-19T13:08:09,completed,7071,7072
417,460,77,7358.17,2024-01-23T21:23:25,2024-01-23T21:28:25,completed,7073,7074
418,393,453,3076.46,2023-11-27T01:22:53,2023-11-27T01:27:53,completed,7075,7076
419,474,137,1747.36,2025-08-01T09:30:19,2025-08-01T09:34:19,completed,7077,7078
420,130,12,3849.48,2024-05-14T15:05:44,2024-05-14T15:08:44,completed,7079,7080
421,162,205,2597.83,2022-08-24T20:58:49,2022-08-24T20:59:49,completed,7081,7082
422,172,175,2167.63,2025-01-24T17:19:50,2025-01-24T17:23:50,completed,7083,7084
423,327,185,7017.4,2024-07-31T03:54:04,,pending,7085,
424,78,356,984.07,2024-07-08T13:30:32,,failed,7086,
425,153,244,6203.94,2024-01-08T02:14:22,2024-01-08T02:16:22,completed,7087,7088
426,143,228,2813.41,2025-09-25T19:37:18,2025-09-25T19:37:18,completed,7089,7090
427,486,475,4088.43,2022-05-09T21:19:42,2022-05-09T21:23:42,completed,7091,7092
428,321,184,4117.85,2024-12-19T12:51:24,2024-12-19T12:51:24,completed,7093,7094
429,521,424,1931.82,2024-08-02T18:16:13,2024-08-02T18:21:13,completed,7095,7096
430,351,391,2208.34,2022-10-16T07:04:19,2022-10-16T07:08:19,completed,7097,7098
431,67,475,1441.01,2024-01-12T16:03:54,2024-01-12T16:08:54,completed,7099,7100
432,503,136,3833.8,2022-08-14T19:26:57,,failed,7101,
433,219,419,6541.56,2025-03-15T10:24:38,,pending,7102,
434,93,478,2540.2,2024-10-30T08:44:02,2024-10-30T08:47:02,completed,7103,7104
435,439,137,1206.16,2024-05-23T22:46:13,2024-05-23T22:49:13,completed,7105,7106
436,416,38,1473.84,2024-08-28T10:38:59,2024-08-28T10:40:59,completed,7107,7108
437,272,145,2815.12,2023-05-20T20:52:46,2023-05-20T20:52:46,completed,7109,7110
438,328,253,298.73,2025-07-18T17:42:43,2025-07-18T17:44:43,completed,7111,7112
439,489,459,1205.69,2022-02-17T14:57:18,2022-02-17T15:02:18,completed,7113,7114
440,514,205,388.68,2023-12-20T03:56:43,2023-12-20T03:59:43,completed,7115,7116
441,194,547,3509.07,2024-07-15T21:34:05,2024-07-15T21:35:05,completed,7117,7118
442,80,539,955.33,2025-05-07T15:51:30,2025-05-07T15:53:30,completed,7119,7120
443,457,289,3190.58,2023-06-28T02:58:22,,failed,7121,
444,259,14,4011.79,2024-02-24T06:05:27,2024-02-24T06:10:27,completed,7122,7123
445,374,233,2731.01,2024-04-15T03:51:54,2024-04-15T03:55:54,completed,7124,7125
446,453,310,4410.74,2022-07-23T12:16:19,2022-07-23T12:21:19,completed,7126,7127
447,30,145,6887.95,2022-04-26T01:50:21,2022-04-26T01:53:21,completed,7128,7129
448,291,12,5536.72,2024-08-15T18:57:45,2024-08-15T19:01:45,completed,7130,7131
449,68,298,4515.9,2024-03-13T11:43:05,2024-03-13T11:43:05,completed,7132,7133
450,490,281,4600.95,2025-07-31T07:55:33,2025-07-31T07:58:33,completed,7134,7135
451,516,353,3791.03,2022-02-26T16:16:30,2022-02-26T16:20:30,completed,7136,7137
452,457,461,5738.92,2022-04-28T00:18:55,2022-04-28T00:23:55,completed,7138,7139
453,159,476,5888.11,2025-06-20T11:37:44,,pending,7140,
454,332,238,5876.65,2023-08-20T20:45:07,2023-08-20T20:47:07,completed,7141,7142
455,230,56,1564.37,2025-08-02T05:01:35,2025-08-02T05:01:35,completed,7143,7144
456,87,529,2246.71,2025-02-11T12:45:57,2025-02-11T12:46:57,completed,7145,7146
457,378,438,225.44,2023-02-27T22:53:55,2023-02-27T22:57:55,completed,7147,7148
458,430,164,2410.23,2024-11-14T19:31:20,2024-11-14T19:32:20,completed,7149,7150
459,297,531,6625.08,2022-08-20T04:26:49,2022-08-20T04:27:49,completed,7151,7152
460,429,470,1193.92,2023-03-14T15:05:42,2023-03-14T15:06:42,completed,7153,7154
461,417,410,1949.96,2022-07-09T17:54:37,,failed,7155,
462,5,108,2593.07,2023-05-28T09:52:51,2023-05-28T09:54:51,completed,7156,7157
463,14,106,2656.1,2025-11-12T23:51:20,,failed,7158,
464,61,219,350.49,2025-10-11T01:46:25,2025-10-11T01:49:25,completed,7159,7160
465,259,103,3986.83,2023-05-24T03:42:12,2023-05-24T03:46:12,completed,7161,7162
466,294,352,6169.44,2024-03-05T15:40:10,,pending,7163,
467,390,542,672.94,2025-11-15T03:57:01,2025-11-15T03:59:01,completed,7164,7165
468,80,463,7190.19,2025-04-15T01:26:16,2025-04-15T01:27:16,completed,7166,7167
469,362,87,678.76,2025-11-19T00:06:38,2025-11-19T00:10:38,completed,7168,7169
470,363,220,4975.06,2023-05-14T02:13:41,2023-05-14T02:15:41,completed,7170,7171
471,451,82,5441.93,2025-08-28T19:44:19,2025-08-28T19:46:19,completed,7172,7173
472,227,141,1961.19,2024-06-27T07:12:29,2024-06-27T07:12:29,completed,7174,7175
473,187,351,6613.35,2025-07-12T04:46:42,,failed,7176,
474,439,406,2924.41,2025-01-10T20:54:49,2025-01-10T20:56:49,completed,7177,7178
475,106,256,5272.75,2022-11-13T04:16:13,2022-11-13T04:18:13,completed,7179,7180
476,392,519,2509.45,2025-10-18T09:40:18,2025-10-18T09:45:18,completed,7181,7182
477,193,134,6533.77,2022-04-27T15:04:02,2022-04-27T15:05:02,completed,7183,7184
478,361,390,2866.37,2025-04-08T04:34:18,2025-04-08T04:39:18,completed,7185,7186
479,119,362,4852.45,2024-06-11T23:04:37,2024-06-11T23:05:37,completed,7187,7188
480,177,76,7778.08,2022-12-04T12:19:33,2022-12-04T12:24:33,completed,7189,7190
481,429,268,542.79,2023-04-28T02:17:06,2023-04-28T02:22:06,completed,7191,7192
482,540,497,4316.2,2023-09-20T12:58:06,2023-09-20T13:00:06,completed,7193,7194
483,188,258,1951.9,2025-10-30T21:20:50,2025-10-30T21:23:50,completed,7195,7196
484,523,6,651.08,2022-04-23T17:13:34,2022-04-23T17:16:34,completed,7197,7198
485,9,40,6381.31,2025-11-10T00:34:21,2025-11-10T00:39:21,completed,7199,7200
486,488,364,3706.03,2022-05-23T09:52:43,2022-05-23T09:54:43,completed,7201,7202
487,391,14,3973.31,2025-08-28T23:34:09,2025-08-28T23:36:09,completed,7203,7204
488,376,457,3488.52,2022-08-19T01:09:11,2022-08-19T01:11:11,completed,7205,7206
489,415,286,4336.02,2022-06-27T07:54:47,,failed,7207,
490,436,464,5150.77,2024-09-17T21:42:39,,pending,7208,
491,241,177,7342.33,2024-01-25T16:25:17,,failed,7209,
492,499,69,5192.7,2024-07-05T01:07:24,2024-07-05T01:09:24,completed,7210,7211
493,226,403,3253.07,2023-10-13T03:05:58,2023-10-13T03:08:58,completed,7212,7213
494,313,460,1652.49,2025-05-21T16:30:18,2025-05-21T16:30:18,completed,7214,7215
495,358,137,5461.06,2023-05-16T22:56:34,2023-05-16T22:58:34,completed,7216,7217
496,413,343,6076.74,2024-01-30T14:46:06,2024-01-30T14:47:06,completed,7218,7219
497,409,96,6845.87,2022-11-18T05:02:28,2022-11-18T05:05:28,completed,7220,7221
498,228,35,3696.28,2022-11-08T04:45:02,2022-11-08T04:46:02,completed,7222,7223
499,259,179,55.57,2025-11-23T04:27:50,2025-11-23T04:31:50,completed,7224,7225
500,388,43,3918.67,2025-11-04T16:50:41,2025-11-04T16:52:41,completed,7226,7227
501,83,172,704.21,2022-03-20T07:07:20,2022-03-20T07:08:20,completed,7228,7229
502,114,387,952.28,2023-05-09T18:53:02,2023-05-09T18:54:02,completed,7230,7231
503,165,213,3528.0,2025-11-09T15:38:26,2025-11-09T15:42:26,completed,7232,7233
504,95,179,57.67,2025-04-16T23:41:54,2025-04-16T23:44:54,completed,7234,7235
505,115,498,6669.76,2023-03-25T11:18:32,2023-03-25T11:22:32,completed,7236,7237
506,241,125,4967.8,2023-06-10T01:30:24,2023-06-10T01:35:24,completed,7238,7239
507,41,24,7597.62,2025-09-02T07:33:23,2025-09-02T07:36:23,completed,7240,7241
508,90,272,898.83,2023-03-03T04:44:43,,pending,7242,
509,26,312,1969.7,2025-05-10T03:28:37,2025-05-10T03:28:37,completed,7243,7244
510,193,133,1664.2,2022-07-31T03:03:39,2022-07-31T03:07:39,completed,7245,7246
511,92,186,5647.03,2024-01-14T12:59:20,2024-01-14T13:01:20,completed,7247,7248
512,500,156,4642.85,2025-11-02T02:52:11,,pending,7249,
513,195,433,7088.08,2025-04-25T05:39:30,2025-04-25T05:42:30,completed,7250,7251
514,530,409,2282.08,2022-05-29T20:18:41,2022-05-29T20:21:41,completed,7252,7253
515,287,401,7003.06,2022-12-04T07:52:29,2022-12-04T07:52:29,completed,7254,7255
516,94,510,4916.75,2023-09-19T07:16:52,2023-09-19T07:19:52,completed,7256,7257
517,16,275,4284.76,2022-01-04T14:43:50,2022-01-04T14:44:50,completed,7258,7259
518,111,151,7334.02,2024-10-24T12:35:13,2024-10-24T12:35:13,completed,7260,7261
519,261,163,2961.72,2023-05-14T09:19:12,2023-05-14T09:19:12,completed,7262,7263
520,434,28,4699.32,2024-08-02T18:12:37,2024-08-02T18:16:37,completed,7264,7265
521,31,405,5545.94,2025-01-20T21:59:09,2025-01-20T21:59:09,completed,7266,7267
522,493,403,1393.8,2025-03-27T19:58:49,2025-03-27T20:00:49,completed,7268,7269
523,185,395,7384.9,2025-11-20T09:10:22,2025-11-20T09:15:22,completed,7270,7271
524,524,422,5510.31,2023-11-24T12:46:43,2023-11-24T12:47:43,completed,7272,7273
525,208,256,7921.23,2025-05-04T22:43:15,2025-05-04T22:44:15,completed,7274,7275
526,307,390,3087.43,2025-05-31T23:12:31,,pending,7276,
527,138,167,7774.84,2022-05-02T21:57:56,2022-05-02T22:02:56,completed,7277,7278
528,51,448,3995.52,2025-08-24T05:01:53,2025-08-24T05:04:53,completed,7279,7280
529,40,245,5250.24,2022-08-21T09:19:47,2022-08-21T09:21:47,completed,7281,7282
530,544,403,4752.11,2025-11-13T12:21:10,2025-11-13T12:21:10,completed,7283,7284
531,311,253,7846.46,2025-09-24T02:18:05,2025-09-24T02:20:05,completed,7285,7286
532,343,431,3340.5,2023-07-21T23:23:30,2023-07-21T23:23:30,completed,7287,7288
533,4,23,6725.71,2022-02-06T21:32:02,2022-02-06T21:36:02,completed,7289,7290
534,368,284,1232.05,2023-11-19T05:13:05,2023-11-19T05:17:05,completed,7291,7292
535,534,199,5391.32,2022-10-22T09:55:10,2022-10-22T09:58:10,completed,7293,7294
536,216,550,3128.59,2024-03-24T02:26:49,2024-03-24T02:29:49,completed,7295,7296
537,319,353,7661.93,2025-06-14T20:34:53,2025-06-14T20:38:53,completed,7297,7298
538,92,369,7223.55,2025-06-13T23:22:25,2025-06-13T23:26:25,completed,7299,7300
539,332,482,1486.4,2025-11-25T15:54:33,,failed,7301,
540,274,6,6197.63,2025-12-16T12:44:25,2025-12-16T12:49:25,completed,7302,7303
541,415,321,2232.62,2024-12-09T16:20:12,,pending,7304,
542,40,331,1615.47,2023-02-19T08:13:09,2023-02-19T08:17:09,completed,7305,7306
543,192,486,3272.95,2024-12-29T03:59:52,2024-12-29T04:03:52,completed,7307,7308
544,514,364,411.84,2022-04-07T05:51:38,2022-04-07T05:51:38,completed,7309,7310
545,497,458,3335.26,2025-01-12T04:58:34,2025-01-12T05:03:34,completed,7311,7312
546,150,512,1939.07,2025-01-19T13:28:19,2025-01-19T13:33:19,completed,7313,7314
547,348,535,4216.81,2025-03-07T03:21:02,2025-03-07T03:21:02,completed,7315,7316
548,90,242,3763.72,2022-12-10T17:15:31,2022-12-10T17:15:31,completed,7317,7318
549,154,502,7740.07,2024-05-28T07:50:29,2024-05-28T07:52:29,completed,7319,7320
550,292,257,5435.1,2023-06-16T07:29:09,2023-06-16T07:31:09,completed,7321,7322
551,284,112,7616.85,2022-10-14T04:52:32,2022-10-14T04:57:32,completed,7323,7324
552,342,33,7573.36,2022-12-25T15:59:17,2022-12-25T16:01:17,completed,7325,7326
553,53,423,5632.32,2022-03-07T12:28:53,2022-03-07T12:31:53,completed,7327,7328
554,46,233,4951.44,2025-05-29T12:45:35,2025-05-29T12:48:35,completed,7329,7330
555,101,179,1179.7,2024-07-25T07:36:08,,pending,7331,
556,38,215,5103.11,2024-08-13T11:01:46,2024-08-13T11:04:46,completed,7332,7333
557,58,138,7139.61,2024-05-23T01:30:56,2024-05-23T01:31:56,completed,7334,7335
558,536,42,3692.41,2022-06-25T05:47:55,2022-06-25T05:47:55,completed,7336,7337
559,315,40,1003.11,2025-02-24T20:48:37,,pending,7338,
560,429,345,429.29,2023-04-17T19:36:54,2023-04-17T19:40:54,completed,7339,7340
561,204,317,1653.93,2024-07-11T03:51:42,2024-07-11T03:56:42,completed,7341,7342
562,112,199,4722.9,2025-12-12T19:09:53,2025-12-12T19:11:53,completed,7343,7344
563,393,100,3386.68,2022-01-10T04:27:33,2022-01-10T04:28:33,completed,7345,7346
564,455,96,2808.59,2022-07-08T08:01:25,2022-07-08T08:04:25,completed,7347,7348
565,124,114,1153.8,2023-11-24T03:29:14,2023-11-24T03:32:14,completed,7349,7350
566,159,318,6070.14,2023-08-13T19:12:50,2023-08-13T19:13:50,completed,7351,7352
567,69,208,633.58,2025-01-15T11:40:22,2025-01-15T11:44:22,completed,7353,7354
568,88,506,3171.72,2023-08-31T21:41:39,2023-08-31T21:44:39,completed,7355,7356
569,451,379,4307.32,2023-04-20T03:27:21,,failed,7357,
570,430,277,3683.64,2022-04-04T05:27:01,2022-04-04T05:31:01,completed,7358,7359
571,46,258,3809.62,2023-06-29T06:26:37,2023-06-29T06:31:37,completed,7360,7361
572,392,62,2902.73,2025-08-20T21:25:14,2025-08-20T21:25:14,completed,7362,7363
573,334,251,372.68,2023-01-26T21:33:27,2023-01-26T21:36:27,completed,7364,7365
574,170,384,1743.0,2025-05-02T20:53:10,2025-05-02T20:53:10,completed,7366,7367
575,312,446,6810.66,2024-05-21T16:22:04,2024-05-21T16:25:04,completed,7368,7369
576,232,17,5846.07,2025-07-13T13:37:54,2025-07-13T13:42:54,completed,7370,7371
577,236,541,7924.7,2024-09-24T08:02:45,2024-09-24T08:04:45,completed,7372,7373
578,177,546,6776.19,2025-12-14T01:42:56,2025-12-14T01:47:56,completed,7374,7375
579,369,223,7563.01,2023-06-30T09:20:28,2023-06-30T09:25:28,completed,7376,7377
580,254,215,2574.51,2024-03-11T12:02:31,2024-03-11T12:05:31,completed,7378,7379
581,403,466,1539.61,2024-08-08T16:34:58,,pending,7380,
582,396,463,854.38,2024-07-23T03:46:12,2024-07-23T03:51:12,completed,7381,7382
583,149,238,6181.11,2023-01-15T22:26:31,2023-01-15T22:27:31,completed,7383,7384
584,492,412,6942.11,2022-10-31T07:10:13,2022-10-31T07:15:13,completed,7385,7386
585,7,473,2704.98,2024-06-04T16:07:35,2024-06-04T16:11:35,completed,7387,7388
586,363,331,6979.11,2024-07-01T09:55:16,2024-07-01T09:59:16,completed,7389,7390
587,424,104,5945.66,2022-03-19T03:26:38,2022-03-19T03:26:38,completed,7391,7392
588,247,62,4779.59,2022-10-21T09:54:22,2022-10-21T09:56:22,completed,7393,7394
589,412,545,3888.92,2025-08-09T23:03:33,2025-08-09T23:08:33,completed,7395,7396
590,102,404,6442.33,2022-09-14T05:10:28,,pending,7397,
591,55,47,5922.42,2024-04-07T02:27:27,2024-04-07T02:29:27,completed,7398,7399
592,227,185,4982.08,2022-05-06T22:24:42,2022-05-06T22:24:42,completed,7400,7401
593,94,379,6437.59,2022-08-30T12:27:00,2022-08-30T12:31:00,completed,7402,7403
594,550,397,2609.72,2023-04-13T01:37:32,,pending,7404,
595,447,431,5238.01,2022-07-10T13:23:01,2022-07-10T13:26:01,completed,7405,7406
596,375,402,3851.35,2023-05-05T17:49:22,2023-05-05T17:52:22,completed,7407,7408
597,92,292,2870.87,2022-12-10T09:04:52,2022-12-10T09:08:52,completed,7409,7410
598,119,58,7270.6,2022-02-14T20:20:55,2022-02-14T20:22:55,completed,7411,7412
599,44,58,7188.9,2023-08-18T08:06:55,2023-08-18T08:09:55,completed,7413,7414
600,236,352,470.3,2023-03-24T22:30:59,2023-03-24T22:33:59,completed,7415,7416
601,322,526,3393.76,2024-11-06T21:41:53,2024-11-06T21:46:53,completed,7417,7418
602,231,498,4832.0,2022-02-04T12:12:34,2022-02-04T12:16:34,completed,7419,7420
603,420,510,1253.47,2022-03-06T01:24:17,2022-03-06T01:28:17,completed,7421,7422
604,319,159,4159.89,2023-05-25T18:51:27,2023-05-25T18:54:27,completed,7423,7424
605,244,521,6817.54,2024-10-30T20:32:28,2024-10-30T20:35:28,completed,7425,7426
606,408,515,1601.19,2025-07-07T07:56:21,2025-07-07T08:01:21,completed,7427,7428
607,399,413,7940.11,2025-03-16T03:18:50,2025-03-16T03:20:50,completed,7429,7430
608,146,333,5249.23,2023-10-20T11:43:38,2023-10-20T11:47:38,completed,7431,7432
609,351,243,1605.92,2025-10-14T17:57:31,2025-10-14T18:00:31,completed,7433,7434
610,383,146,2069.91,2025-02-08T07:16:06,2025-02-08T07:18:06,completed,7435,7436
611,215,196,3130.74,2022-04-12T10:23:42,2022-04-12T10:28:42,completed,7437,7438
612,525,164,7332.79,2025-03-20T03:57:20,2025-03-20T04:00:20,completed,7439,7440
613,104,436,1011.8,2024-10-28T11:18:31,2024-10-28T11:18:31,completed,7441,7442
614,381,489,7965.68,2024-12-10T18:22:41,2024-12-10T18:27:41,completed,7443,7444
615,271,158,7712.54,2025-06-18T10:58:11,2025-06-18T11:01:11,completed,7445,7446
616,166,385,4691.34,2022-07-02T19:40:06,2022-07-02T19:44:06,completed,7447,7448
617,14,341,375.23,2025-10-12T22:15:14,2025-10-12T22:16:14,completed,7449,7450
618,357,537,6120.7,2024-01-02T22:48:13,2024-01-02T22:52:13,completed,7451,7452
619,406,517,1545.78,2023-11-28T03:04:39,2023-11-28T03:09:39,completed,7453,7454
620,363,201,3575.41,2025-12-11T11:25:15,2025-12-11T11:28:15,completed,7455,7456
621,359,247,5437.18,2025-05-21T22:15:51,2025-05-21T22:20:51,completed,7457,7458
622,437,310,5916.36,2022-12-13T19:08:30,,failed,7459,
623,465,547,1439.75,2024-04-01T17:04:57,,pending,7460,
624,81,279,1950.44,2022-09-26T00:16:10,2022-09-26T00:17:10,completed,7461,7462
625,466,441,4221.72,2025-10-04T21:52:33,2025-10-04T21:52:33,completed,7463,7464
626,15,385,5385.65,2022-03-28T20:54:12,2022-03-28T20:58:12,completed,7465,7466
627,388,215,6190.93,2022-08-24T22:53:49,,pending,7467,
628,316,332,3051.13,2024-05-27T04:20:11,2024-05-27T04:25:11,completed,7468,7469
629,368,105,5062.55,2023-09-12T23:24:46,,pending,7470,
630,340,230,5188.71,2022-06-26T19:58:12,2022-06-26T20:03:12,completed,7471,7472
631,263,28,7237.46,2023-09-18T14:45:46,2023-09-18T14:45:46,completed,7473,7474
632,369,174,5720.5,2024-04-25T12:11:35,2024-04-25T12:13:35,completed,7475,7476
633,225,48,1426.87,2022-07-03T13:30:12,,failed,7477,
634,4,312,7098.49,2024-04-20T14:53:47,2024-04-20T14:58:47,completed,7478,7479
635,252,57,688.98,2023-03-04T22:50:33,2023-03-04T22:50:33,completed,7480,7481
636,233,57,778.47,2023-02-13T20:18:39,2023-02-13T20:20:39,completed,7482,7483
637,342,57,5990.17,2022-05-18T16:35:45,,pending,7484,
638,485,143,1016.6,2025-08-02T20:22:41,2025-08-02T20:23:41,completed,7485,7486
639,227,421,3848.95,2025-01-26T07:10:32,2025-01-26T07:13:32,completed,7487,7488
640,428,84,1054.89,2025-08-20T16:51:06,2025-08-20T16:55:06,completed,7489,7490
641,188,315,4598.57,2023-01-30T23:09:35,2023-01-30T23:10:35,completed,7491,7492
642,164,338,2579.21,2024-07-21T20:58:18,2024-07-21T21:03:18,completed,7493,7494
643,429,244,2973.66,2023-04-09T11:16:04,2023-04-09T11:17:04,completed,7495,7496
644,447,474,4429.87,2024-07-19T19:27:54,,failed,7497,
645,431,121,1004.85,2022-01-05T03:51:16,2022-01-05T03:51:16,completed,7498,7499
646,50,315,7476.95,2024-05-03T16:39:59,2024-05-03T16:42:59,completed,7500,7501
647,407,406,565.79,2023-06-27T08:58:44,,pending,7502,
648,56,400,2535.94,2023-04-15T14:58:39,2023-04-15T14:58:39,completed,7503,7504
649,218,104,490.22,2024-07-30T03:27:48,,failed,7505,
650,311,231,4518.23,2022-06-27T22:33:50,2022-06-27T22:37:50,completed,7506,7507
651,446,484,2400.86,2025-01-24T20:18:28,,failed,7508,
652,340,532,3133.86,2022-10-25T02:33:31,2022-10-25T02:33:31,completed,7509,7510
653,441,325,3889.42,2025-12-25T04:54:09,2025-12-25T04:56:09,completed,7511,7512
654,158,467,3969.23,2022-09-10T07:00:41,2022-09-10T07:03:41,completed,7513,7514
655,438,112,6716.19,2025-09-05T23:02:07,2025-09-05T23:02:07,completed,7515,7516
656,215,195,2351.12,2022-07-20T05:12:46,2022-07-20T05:12:46,completed,7517,7518
657,213,254,3795.59,2025-08-05T15:30:42,2025-08-05T15:35:42,completed,7519,7520
658,481,305,7648.92,2024-06-10T15:15:47,2024-06-10T15:20:47,completed,7521,7522
659,22,9,392.36,2022-09-15T01:24:25,,pending,7523,
660,78,487,6415.9,2024-08-13T03:43:08,2024-08-13T03:43:08,completed,7524,7525
661,305,292,1014.84,2022-08-31T12:26:54,,pending,7526,
662,45,499,1379.1,2025-06-25T16:50:37,2025-06-25T16:52:37,completed,7527,7528
663,337,501,2784.7,2024-12-20T07:18:52,2024-12-20T07:19:52,completed,7529,7530
664,458,489,6952.93,2025-05-11T06:16:56,2025-05-11T06:17:56,completed,7531,7532
665,205,223,1563.35,2022-10-25T08:49:32,,failed,7533,
666,53,5,169.29,2022-07-22T19:01:36,,failed,7534,
667,486,417,5404.33,2025-08-24T02:40:42,2025-08-24T02:41:42,completed,7535,7536
668,214,187,7962.01,2025-12-06T04:03:42,2025-12-06T04:04:42,completed,7537,7538
669,230,383,5280.97,2023-07-30T03:00:15,2023-07-30T03:05:15,completed,7539,7540
670,266,365,7974.13,2025-11-19T23:59:22,2025-11-20T00:01:22,completed,7541,7542
671,210,58,5419.65,2024-09-21T21:48:41,2024-09-21T21:48:41,completed,7543,7544
672,179,138,6701.95,2025-04-27T00:03:42,2025-04-27T00:06:42,completed,7545,7546
673,444,336,2992.14,2022-03-15T09:56:19,2022-03-15T09:57:19,completed,7547,7548
674,177,13,6087.11,2023-01-31T12:38:38,,failed,7549,
675,343,486,5736.18,2023-05-18T16:02:59,2023-05-18T16:06:59,completed,7550,7551
676,107,191,5076.02,2022-09-24T16:54:03,2022-09-24T16:55:03,completed,7552,7553
677,414,281,5633.13,2022-06-13T23:06:25,,failed,7554,
678,143,527,4947.71,2022-11-05T14:36:41,2022-11-05T14:36:41,completed,7555,7556
679,96,367,7526.87,2023-12-26T01:29:35,,failed,7557,
680,436,99,6305.98,2023-05-25T21:03:33,2023-05-25T21:08:33,completed,7558,7559
681,370,21,5378.87,2022-08-25T21:56:28,2022-08-25T22:00:28,completed,7560,7561
682,175,34,5562.35,2025-04-09T19:51:47,2025-04-09T19:54:47,completed,7562,7563
683,2,14,6538.94,2024-11-06T11:55:09,2024-11-06T11:57:09,completed,7564,7565
684,421,203,299.9,2024-12-20T18:27:19,2024-12-20T18:28:19,completed,7566,7567
685,296,193,6120.47,2022-08-15T07:16:39,,failed,7568,
686,149,344,2866.2,2025-04-15T11:36:23,,pending,7569,
687,160,94,3443.9,2024-09-29T04:08:56,2024-09-29T04:10:56,completed,7570,7571
688,32,183,6366.88,2025-01-26T14:37:42,,failed,7572,
689,470,195,3404.94,2023-05-05T20:53:29,2023-05-05T20:55:29,completed,7573,7574
690,226,137,2168.99,2024-02-23T12:35:37,2024-02-23T12:38:37,completed,7575,7576
691,75,222,3259.36,2024-07-25T07:26:49,2024-07-25T07:29:49,completed,7577,7578
692,346,262,450.7,2023-02-15T10:27:48,,pending,7579,
693,527,470,6008.04,2022-10-02T19:04:08,2022-10-02T19:04:08,completed,7580,7581
694,299,203,699.22,2025-10-23T22:14:02,,pending,7582,
695,95,150,6178.05,2023-12-30T11:59:02,2023-12-30T12:04:02,completed,7583,7584
696,168,142,2609.14,2024-05-29T13:41:17,2024-05-29T13:43:17,completed,7585,7586
697,156,281,5703.26,2025-02-01T17:53:02,2025-02-01T17:58:02,completed,7587,7588
698,48,403,4158.77,2023-11-03T17:00:56,2023-11-03T17:05:56,completed,7589,7590
699,274,243,7292.87,2025-07-31T18:55:55,,failed,7591,
700,496,364,4136.4,2022-12-08T21:53:15,2022-12-08T21:56:15,completed,7592,7593
701,71,95,7393.65,2024-06-13T04:40:52,2024-06-13T04:41:52,completed,7594,7595
702,1,52,3668.97,2025-04-26T09:34:51,2025-04-26T09:35:51,completed,7596,7597
703,81,16,3166.16,2024-03-22T02:11:35,2024-03-22T02:13:35,completed,7598,7599
704,126,228,1479.61,2025-11-23T00:36:44,2025-11-23T00:37:44,completed,7600,7601
705,328,468,7719.31,2025-03-22T04:53:04,2025-03-22T04:57:04,completed,7602,7603
706,90,436,121.72,2023-04-25T18:38:35,2023-04-25T18:42:35,completed,7604,7605
707,28,372,5147.78,2022-07-26T10:08:23,2022-07-26T10:10:23,completed,7606,7607
708,115,188,1212.42,2025-04-01T02:20:12,2025-04-01T02:23:12,completed,7608,7609
709,87,90,4756.16,2025-01-04T14:33:29,,pending,7610,
710,337,136,7497.3,2024-07-02T06:21:43,2024-07-02T06:22:43,completed,7611,7612
711,398,115,266.89,2023-01-08T15:54:02,2023-01-08T15:56:02,completed,7613,7614
712,308,162,2760.74,2025-12-17T03:03:47,,failed,7615,
713,90,46,6510.97,2022-01-20T00:55:23,2022-01-20T00:55:23,completed,7616,7617
714,522,391,5406.98,2025-09-08T03:49:30,2025-09-08T03:50:30,completed,7618,7619
715,529,220,1111.89,2025-08-30T18:33:15,2025-08-30T18:36:15,completed,7620,7621
716,80,177,1365.7,2024-08-02T01:28:13,2024-08-02T01:31:13,completed,7622,7623
717,67,490,2595.44,2024-08-12T12:11:32,2024-08-12T12:14:32,completed,7624,7625
718,507,370,7378.76,2024-02-20T12:14:44,2024-02-20T12:19:44,completed,7626,7627
719,462,205,6249.61,2023-11-16T08:58:29,2023-11-16T09:00:29,completed,7628,7629
720,32,68,4214.85,2022-05-17T11:39:45,2022-05-17T11:43:45,completed,7630,7631
721,346,426,5972.81,2025-07-25T17:49:33,2025-07-25T17:51:33,completed,7632,7633
722,380,379,6374.44,2023-10-10T02:47:15,2023-10-10T02:51:15,completed,7634,7635
723,168,62,3686.32,2024-04-28T15:38:33,2024-04-28T15:42:33,completed,7636,7637
724,418,521,2058.41,2024-10-09T10:47:58,2024-10-09T10:52:58,completed,7638,7639
725,398,403,5078.96,2023-02-08T09:17:38,2023-02-08T09:18:38,completed,7640,7641
726,472,483,3106.09,2022-06-18T16:44:30,2022-06-18T16:44:30,completed,7642,7643
727,538,123,496.9,2022-06-03T06:19:50,2022-06-03T06:20:50,completed,7644,7645
728,429,430,2483.12,2022-07-12T04:07:32,2022-07-12T04:07:32,completed,7646,7647
729,540,156,704.56,2025-09-06T12:16:49,2025-09-06T12:16:49,completed,7648,7649
730,2,457,5378.91,2025-01-08T12:50:38,2025-01-08T12:50:38,completed,7650,7651
731,378,463,7488.64,2025-11-03T03:49:47,2025-11-03T03:49:47,completed,7652,7653
732,2,244,7902.48,2023-05-24T01:16:33,2023-05-24T01:20:33,completed,7654,7655
733,511,195,4807.75,2022-09-12T12:18:31,2022-09-12T12:22:31,completed,7656,7657
734,10,505,2287.66,2025-12-10T22:09:15,,pending,7658,
735,37,170,4556.59,2023-02-02T20:39:14,2023-02-02T20:40:14,completed,7659,7660
736,223,165,5673.96,2025-03-11T02:19:36,2025-03-11T02:20:36,completed,7661,7662
737,90,43,3227.15,2022-01-27T18:50:52,2022-01-27T18:52:52,completed,7663,7664
738,278,35,2572.2,2024-06-09T22:43:57,2024-06-09T22:47:57,completed,7665,7666
739,330,388,1933.15,2023-02-15T20:52:32,2023-02-15T20:52:32,completed,7667,7668
740,401,36,2061.58,2024-12-27T20:25:36,2024-12-27T20:29:36,completed,7669,7670
741,53,439,2643.01,2025-12-02T17:11:34,2025-12-02T17:12:34,completed,7671,7672
742,362,126,5040.25,2022-08-04T06:25:53,2022-08-04T06:25:53,completed,7673,7674
743,331,297,5569.65,2022-12-16T22:50:38,2022-12-16T22:52:38,completed,7675,7676
744,465,199,2744.63,2022-08-04T13:59:37,2022-08-04T14:00:37,completed,7677,7678
745,208,442,820.83,2025-03-03T01:29:11,2025-03-03T01:34:11,completed,7679,7680
746,491,72,3301.72,2025-10-05T10:24:09,2025-10-05T10:29:09,completed,7681,7682
747,365,492,7372.74,2022-07-30T12:23:29,2022-07-30T12:27:29,completed,7683,7684
748,23,150,4027.64,2022-09-24T08:02:46,2022-09-24T08:07:46,completed,7685,7686
749,104,33,668.8,2025-04-27T21:11:12,2025-04-27T21:12:12,completed,7687,7688
750,431,401,4583.06,2022-08-03T19:56:52,2022-08-03T19:57:52,completed,7689,7690
751,400,349,1276.06,2025-09-21T20:46:50,2025-09-21T20:51:50,completed,7691,7692
752,213,446,2761.72,2025-11-28T05:47:16,2025-11-28T05:48:16,completed,7693,7694
753,341,438,7729.59,2025-01-14T20:16:45,2025-01-14T20:19:45,completed,7695,7696
754,353,390,621.03,2024-11-03T08:49:14,2024-11-03T08:54:14,completed,7697,7698
755,121,315,7358.93,2025-06-20T02:43:32,2025-06-20T02:44:32,completed,7699,7700
756,302,211,7358.33,2025-12-14T15:22:44,,failed,7701,
757,36,45,6880.88,2024-04-24T05:10:31,2024-04-24T05:11:31,completed,7702,7703
758,110,11,1332.62,2022-04-10T20:31:19,2022-04-10T20:31:19,completed,7704,7705
759,57,351,3471.2,2025-12-14T01:55:07,2025-12-14T01:58:07,completed,7706,7707
760,274,379,2184.45,2022-08-31T03:45:11,,failed,7708,
761,345,73,3589.62,2024-11-24T20:17:05,2024-11-24T20:17:05,completed,7709,7710
762,192,147,3867.4,2025-01-20T07:42:06,2025-01-20T07:44:06,completed,7711,7712
763,150,255,7485.88,2025-12-20T19:46:45,2025-12-20T19:51:45,completed,7713,7714
764,175,57,4649.45,2023-04-07T05:54:17,2023-04-07T05:57:17,completed,7715,7716
765,169,111,1071.32,2024-11-27T14:35:47,,failed,7717,
766,330,299,5167.65,2024-09-06T00:11:01,2024-09-06T00:13:01,completed,7718,7719
767,351,465,2031.07,2024-05-19T06:56:39,2024-05-19T06:58:39,completed,7720,7721
768,248,232,913.78,2024-05-21T17:09:01,2024-05-21T17:11:01,completed,7722,7723
769,169,462,2664.54,2022-10-02T23:02:25,2022-10-02T23:04:25,completed,7724,7725
770,124,169,5642.93,2022-08-10T06:14:36,2022-08-10T06:16:36,completed,7726,7727
771,33,167,951.76,2023-08-17T11:15:06,2023-08-17T11:18:06,completed,7728,7729
772,305,483,4449.69,2024-06-10T22:40:26,,failed,7730,
773,204,108,1715.17,2024-03-31T02:18:23,2024-03-31T02:19:23,completed,7731,7732
774,321,284,7139.62,2022-01-07T16:59:14,2022-01-07T16:59:14,completed,7733,7734
775,152,97,5218.83,2023-10-20T17:40:30,2023-10-20T17:41:30,completed,7735,7736
776,442,215,3030.94,2025-08-11T05:28:17,2025-08-11T05:32:17,completed,7737,7738
777,323,221,4615.17,2023-05-10T10:01:09,,failed,7739,
778,543,221,5448.55,2025-09-24T10:21:30,2025-09-24T10:25:30,completed,7740,7741
779,457,270,3625.95,2023-11-01T04:33:25,2023-11-01T04:37:25,completed,7742,7743
780,266,207,1275.24,2023-07-15T15:51:41,2023-07-15T15:51:41,completed,7744,7745
781,319,232,2113.71,2024-11-12T07:15:23,2024-11-12T07:19:23,completed,7746,7747
782,492,288,2368.1,2023-06-02T13:53:35,2023-06-02T13:53:35,completed,7748,7749
783,460,283,4851.84,2025-06-12T21:20:54,2025-06-12T21:24:54,completed,7750,7751
784,7,461,741.16,2025-06-24T13:45:23,2025-06-24T13:48:23,completed,7752,7753
785,4,118,875.11,2024-08-26T20:57:34,2024-08-26T20:59:34,completed,7754,7755
786,404,318,5847.4,2023-10-29T16:42:32,2023-10-29T16:44:32,completed,7756,7757
787,146,77,5393.27,2024-10-10T11:34:20,2024-10-10T11:36:20,completed,7758,7759
788,30,163,3177.77,2025-08-02T06:54:25,2025-08-02T06:55:25,completed,7760,7761
789,381,529,2508.63,2023-11-05T05:22:04,,failed,7762,
790,121,148,6558.84,2023-10-19T09:01:05,2023-10-19T09:03:05,completed,7763,7764
791,371,534,6605.52,2025-05-25T17:15:16,,failed,7765,
792,492,46,1374.13,2022-05-21T01:22:10,2022-05-21T01:24:10,completed,7766,7767
793,424,249,1625.84,2022-04-09T07:54:28,,failed,7768,
794,121,511,1410.66,2024-09-07T02:16:54,2024-09-07T02:20:54,completed,7769,7770
795,30,401,107.22,2025-11-30T01:04:22,2025-11-30T01:09:22,completed,7771,7772
796,529,483,426.75,2024-07-02T18:45:43,2024-07-02T18:50:43,completed,7773,7774
797,17,135,5874.45,2022-11-15T13:40:50,2022-11-15T13:43:50,completed,7775,7776
798,252,185,3192.27,2024-11-22T08:29:27,2024-11-22T08:32:27,completed,7777,7778
799,246,509,827.93,2025-09-27T05:06:35,2025-09-27T05:11:35,completed,7779,7780
800,209,286,922.98,2024-06-19T07:07:01,2024-06-19T07:11:01,completed,7781,7782
801,97,339,1007.22,2022-01-15T22:49:52,2022-01-15T22:52:52,completed,7783,7784
802,221,485,3849.83,2025-09-27T05:31:03,2025-09-27T05:31:03,completed,7785,7786
803,6,29,5287.55,2023-11-29T17:01:37,2023-11-29T17:06:37,completed,7787,7788
804,175,399,5946.04,2024-05-26T13:48:20,2024-05-26T13:48:20,completed,7789,7790
805,292,149,4362.74,2022-01-26T06:34:34,2022-01-26T06:37:34,completed,7791,7792
806,484,73,3653.48,2023-10-15T06:52:17,2023-10-15T06:53:17,completed,7793,7794
807,374,182,5246.87,2023-08-29T20:04:54,,failed,7795,
808,33,266,5540.93,2024-08-05T03:32:34,2024-08-05T03:37:34,completed,7796,7797
809,106,35,854.78,2022-12-10T14:16:31,2022-12-10T14:18:31,completed,7798,7799
810,59,540,2616.88,2024-03-17T14:02:24,2024-03-17T14:04:24,completed,7800,7801
811,260,258,3145.51,2023-08-24T15:38:48,,failed,7802,
812,410,109,4365.04,2024-09-07T20:18:15,2024-09-07T20:21:15,completed,7803,7804
813,132,367,407.05,2024-10-23T08:48:20,2024-10-23T08:48:20,completed,7805,7806
814,517,350,6529.53,2024-11-19T02:41:11,2024-11-19T02:46:11,completed,7807,7808
815,206,90,6560.73,2023-07-08T03:00:02,2023-07-08T03:03:02,completed,7809,7810
816,543,164,5759.77,2023-07-02T23:43:05,2023-07-02T23:47:05,completed,7811,7812
817,481,416,2553.38,2023-04-27T01:42:16,2023-04-27T01:45:16,completed,7813,7814
818,141,92,2700.53,2022-04-06T06:37:40,2022-04-06T06:42:40,completed,7815,7816
819,28,127,569.61,2025-02-11T04:04:34,,pending,7817,
820,465,261,299.82,2024-03-07T23:55:16,2024-03-07T23:56:16,completed,7818,7819
821,41,463,1992.07,2024-02-04T21:40:23,2024-02-04T21:40:23,completed,7820,7821
822,135,130,4690.22,2025-03-26T09:53:23,,failed,7822,
823,199,73,7565.31,2025-01-15T18:17:42,2025-01-15T18:19:42,completed,7823,7824
824,493,44,5658.59,2022-05-15T22:31:15,2022-05-15T22:32:15,completed,7825,7826
825,88,365,3237.62,2022-03-03T03:13:47,2022-03-03T03:18:47,completed,7827,7828
826,484,415,2712.33,2024-11-09T08:22:29,2024-11-09T08:27:29,completed,7829,7830
827,45,323,1277.8,2022-03-04T13:34:07,,pending,7831,
828,429,432,836.68,2025-01-31T14:49:15,2025-01-31T14:54:15,completed,7832,7833
829,294,231,2595.0,2024-09-08T02:44:05,2024-09-08T02:49:05,completed,7834,7835
830,129,235,2502.34,2024-07-26T22:03:17,2024-07-26T22:08:17,completed,7836,7837
831,52,168,1553.18,2024-11-27T17:53:06,2024-11-27T17:58:06,completed,7838,7839
832,222,457,1077.96,2025-05-13T17:07:35,2025-05-13T17:08:35,completed,7840,7841
833,153,104,6851.52,2024-12-10T23:05:54,2024-12-10T23:07:54,completed,7842,7843
834,46,220,7103.43,2024-04-25T18:43:17,2024-04-25T18:44:17,completed,7844,7845
835,84,262,6610.65,2023-08-11T12:15:18,2023-08-11T12:18:18,completed,7846,7847
836,93,261,6201.89,2022-11-17T11:19:57,,failed,7848,
837,396,250,1855.91,2024-10-09T04:30:41,2024-10-09T04:31:41,completed,7849,7850
838,351,444,4553.66,2024-03-09T12:06:45,2024-03-09T12:10:45,completed,7851,7852
839,365,401,894.01,2022-12-04T21:25:51,2022-12-04T21:30:51,completed,7853,7854
840,64,322,1843.12,2025-03-09T05:46:00,2025-03-09T05:46:00,completed,7855,7856
841,17,546,7787.86,2025-01-03T19:13:37,2025-01-03T19:15:37,completed,7857,7858
842,498,319,2322.94,2023-06-24T04:35:33,2023-06-24T04:35:33,completed,7859,7860
843,523,316,7012.96,2025-11-17T21:11:37,2025-11-17T21:16:37,completed,7861,7862
844,180,15,899.27,2024-10-01T04:11:42,2024-10-01T04:16:42,completed,7863,7864
845,82,424,2295.47,2024-12-23T16:41:48,2024-12-23T16:45:48,completed,7865,7866
846,545,239,1816.17,2024-09-24T07:49:11,2024-09-24T07:51:11,completed,7867,7868
847,216,340,1856.39,2024-04-29T10:48:42,,pending,7869,
848,7,178,5593.49,2024-12-27T13:52:54,2024-12-27T13:52:54,completed,7870,7871
849,506,283,600.71,2025-01-02T16:05:40,2025-01-02T16:08:40,completed,7872,7873
850,531,281,721.07,2025-02-09T10:23:58,2025-02-09T10:24:58,completed,7874,7875
851,101,501,2746.78,2025-07-29T01:40:58,2025-07-29T01:44:58,completed,7876,7877
852,343,419,5059.34,2023-06-13T17:51:34,2023-06-13T17:51:34,completed,7878,7879
853,218,281,1631.19,2025-05-01T07:33:47,2025-05-01T07:34:47,completed,7880,7881
854,259,307,1941.9,2022-08-27T10:42:49,2022-08-27T10:45:49,completed,7882,7883
855,511,362,1876.09,2025-06-23T08:27:19,2025-06-23T08:28:19,completed,7884,7885
856,440,163,7122.01,2022-09-04T20:40:12,,pending,7886,
857,494,414,67.51,2022-01-23T09:07:20,2022-01-23T09:08:20,completed,7887,7888
858,54,115,5366.56,2022-07-17T22:50:52,2022-07-17T22:51:52,completed,7889,7890
859,128,189,521.87,2022-11-03T17:15:41,2022-11-03T17:15:41,completed,7891,7892
860,2,51,5176.24,2025-04-19T04:37:20,,failed,7893,
861,144,277,5456.25,2025-06-03T00:37:11,2025-06-03T00:37:11,completed,7894,7895
862,536,44,505.73,2022-02-28T18:04:15,2022-02-28T18:05:15,completed,7896,7897
863,76,106,1202.55,2025-04-20T23:03:44,2025-04-20T23:04:44,completed,7898,7899
864,476,14,115.76,2025-11-18T20:59:06,2025-11-18T21:01:06,completed,7900,7901
865,76,197,6883.89,2024-01-15T21:56:01,2024-01-15T21:56:01,completed,7902,7903
866,226,265,3232.87,2024-11-15T10:23:23,2024-11-15T10:25:23,completed,7904,7905
867,239,446,275.31,2022-07-29T03:52:02,2022-07-29T03:54:02,completed,7906,7907
868,43,439,6242.7,2022-04-11T01:18:40,2022-04-11T01:19:40,completed,7908,7909
869,397,433,2147.98,2024-09-10T17:45:17,2024-09-10T17:46:17,completed,7910,7911
870,495,394,6779.34,2022-03-14T18:49:09,2022-03-14T18:51:09,completed,7912,7913
871,293,382,1262.8,2024-06-26T18:43:40,2024-06-26T18:47:40,completed,7914,7915
872,530,75,5296.5,2023-03-03T09:50:06,2023-03-03T09:54:06,completed,7916,7917
873,104,144,4728.43,2022-12-25T13:35:17,2022-12-25T13:38:17,completed,7918,7919
874,504,107,598.49,2022-03-25T14:39:35,2022-03-25T14:40:35,completed,7920,7921
875,107,61,2157.61,2023-05-04T18:50:37,2023-05-04T18:55:37,completed,7922,7923
876,502,122,3572.44,2025-03-30T06:16:13,2025-03-30T06:18:13,completed,7924,7925
877,146,231,7838.24,2023-02-16T23:59:23,2023-02-17T00:04:23,completed,7926,7927
878,9,191,7274.16,2023-07-15T16:27:38,2023-07-15T16:32:38,completed,7928,7929
879,356,509,1572.7,2023-09-30T23:26:09,2023-09-30T23:31:09,completed,7930,7931
880,89,406,4231.87,2022-12-13T09:58:49,2022-12-13T10:00:49,completed,7932,7933
881,256,218,7014.06,2025-02-16T08:02:37,,failed,7934,
882,264,147,6306.11,2024-01-15T00:13:14,2024-01-15T00:16:14,completed,7935,7936
883,282,92,4329.21,2022-09-12T12:09:13,2022-09-12T12:10:13,completed,7937,7938
884,463,42,3990.11,2025-07-25T21:41:24,2025-07-25T21:41:24,completed,7939,7940
885,11,476,1288.92,2023-01-04T08:50:08,2023-01-04T08:55:08,completed,7941,7942
886,49,389,1616.75,2025-03-16T13:31:28,2025-03-16T13:36:28,completed,7943,7944
887,229,188,5124.75,2022-08-29T03:10:26,2022-08-29T03:11:26,completed,7945,7946
888,247,95,6988.39,2025-12-03T09:14:02,2025-12-03T09:18:02,completed,7947,7948
889,72,46,3262.45,2022-05-12T23:44:30,2022-05-12T23:46:30,completed,7949,7950
890,42,482,2406.04,2022-06-22T13:18:47,2022-06-22T13:19:47,completed,7951,7952
891,25,351,7492.5,2025-04-11T06:07:39,2025-04-11T06:10:39,completed,7953,7954
892,58,150,837.33,2022-07-13T23:11:37,2022-07-13T23:14:37,completed,7955,7956
893,527,364,4404.95,2022-01-12T01:43:04,2022-01-12T01:43:04,completed,7957,7958
894,451,210,4866.64,2024-03-31T20:48:09,2024-03-31T20:48:09,completed,7959,7960
895,171,481,6048.2,2024-10-12T17:17:50,2024-10-12T17:22:50,completed,7961,7962
896,515,496,7181.22,2025-11-06T14:19:34,2025-11-06T14:20:34,completed,7963,7964
897,398,394,1291.72,2022-12-27T17:28:12,2022-12-27T17:32:12,completed,7965,7966
898,478,402,6274.47,2022-06-29T18:58:43,2022-06-29T18:58:43,completed,7967,7968
899,155,103,3951.27,2024-10-31T10:37:45,2024-10-31T10:37:45,completed,7969,7970
900,137,415,5314.84,2022-10-28T10:13:10,2022-10-28T10:15:10,completed,7971,7972
